TurnstileID,Building,Floor,DateOfEntry,TimeOfEntry,StaffID
107,Collinsons,11,2202-04-06,08:45,4081
128,Trinity,8,2202-04-06,08:45,4207
142,Lovell,5,2202-04-06,08:45,5948
155,Lovell,4,2202-04-06,08:45,5242
102,Collinsons,6,2202-04-06,08:46,4054
144,Lovell,0,2202-04-06,08:46,5184
105,Collinsons,9,2202-04-06,08:48,4068
122,Trinity,2,2202-04-06,08:48,4182
154,Lovell,3,2202-04-06,08:48,4270
114,Collinsons,6,2202-04-06,08:50,4143
104,Collinsons,8,2202-04-06,08:50,4127
127,Trinity,7,2202-04-06,08:50,4202
147,Lovell,3,2202-04-06,08:50,4632
116,Collinsons,8,2202-04-06,08:51,4033
135,Lovell,5,2202-04-06,08:52,6492
111,Collinsons,3,2202-04-06,08:53,4120
105,Collinsons,9,2202-04-06,08:53,4189
130,Trinity,10,2202-04-06,08:54,4217
142,Lovell,5,2202-04-06,08:54,6526
120,Collinsons,0,2202-04-06,08:55,4013
122,Trinity,2,2202-04-06,08:56,4207
122,Trinity,2,2202-04-06,08:56,4229
123,Trinity,3,2202-04-06,08:56,4198
129,Trinity,9,2202-04-06,08:56,4212
147,Lovell,3,2202-04-06,08:56,6015
107,Collinsons,11,2202-04-06,08:57,4013
139,Lovell,2,2202-04-06,08:57,5619
126,Trinity,6,2202-04-06,08:58,4250
101,Collinsons,5,2202-04-06,08:59,4175
112,Collinsons,4,2202-04-06,08:59,4114
151,Lovell,0,2202-04-06,08:59,5072
137,Lovell,0,2202-04-06,08:59,6318
157,Lovell,6,2202-04-06,08:59,6189
156,Lovell,5,2202-04-06,08:59,4987
141,Lovell,4,2202-04-06,08:59,5121
126,Trinity,6,2202-04-06,09:00,4221
121,Trinity,1,2202-04-06,09:00,4227
153,Lovell,2,2202-04-06,09:01,4753
103,Collinsons,7,2202-04-06,09:02,4144
130,Trinity,10,2202-04-06,09:03,4188
145,Lovell,1,2202-04-06,09:03,5664
159,Lovell,1,2202-04-06,09:03,5799
107,Collinsons,11,2202-04-06,09:04,4092
129,Trinity,9,2202-04-06,09:04,4223
151,Lovell,0,2202-04-06,09:05,4416
117,Collinsons,9,2202-04-06,09:06,4128
133,Lovell,3,2202-04-06,09:07,4620
120,Collinsons,0,2202-04-06,09:09,4039
130,Trinity,10,2202-04-06,09:09,4204
136,Lovell,6,2202-04-06,09:09,6581
152,Lovell,1,2202-04-06,09:10,6499
112,Collinsons,4,2202-04-06,09:11,4116
137,Lovell,0,2202-04-06,09:11,4890
143,Lovell,6,2202-04-06,09:11,6368
155,Lovell,4,2202-04-06,09:11,6309
129,Trinity,9,2202-04-06,09:12,4228
139,Lovell,2,2202-04-06,09:12,6050
147,Lovell,3,2202-04-06,09:12,5810
148,Lovell,4,2202-04-06,09:13,4772
109,Collinsons,1,2202-04-06,09:14,4012
153,Lovell,2,2202-04-06,09:14,4580
106,Collinsons,10,2202-04-06,09:15,4168
142,Lovell,5,2202-04-06,09:16,6353
110,Collinsons,2,2202-04-06,09:17,4016
123,Trinity,3,2202-04-06,09:17,4200
160,Lovell,2,2202-04-06,09:17,5244
122,Trinity,2,2202-04-06,09:18,4224
141,Lovell,4,2202-04-06,09:19,4420
115,Collinsons,7,2202-04-06,09:20,4199
154,Lovell,3,2202-04-06,09:20,6559
155,Lovell,4,2202-04-06,09:20,6484
109,Collinsons,1,2202-04-06,09:22,4089
123,Trinity,3,2202-04-06,09:22,4250
132,Lovell,2,2202-04-06,09:22,4776
140,Lovell,3,2202-04-06,09:22,6020
139,Lovell,2,2202-04-06,09:22,5655
160,Lovell,2,2202-04-06,09:22,5317
102,Collinsons,6,2202-04-06,09:24,4025
111,Collinsons,3,2202-04-06,09:24,4126
102,Collinsons,6,2202-04-06,09:24,4026
135,Lovell,5,2202-04-06,09:24,4798
123,Trinity,3,2202-04-06,09:26,4246
124,Trinity,4,2202-04-06,09:26,4210
127,Trinity,7,2202-04-06,09:26,4200
140,Lovell,3,2202-04-06,09:26,5441
113,Collinsons,5,2202-04-06,09:27,4132
133,Lovell,3,2202-04-06,09:27,4626
102,Collinsons,6,2202-04-06,09:29,4048
106,Collinsons,10,2202-04-06,09:29,4033
107,Collinsons,11,2202-04-06,09:29,4048
132,Lovell,2,2202-04-06,09:29,5531
123,Trinity,3,2202-04-06,09:30,4216
154,Lovell,3,2202-04-06,09:31,5605
143,Lovell,6,2202-04-06,09:31,6416
107,Collinsons,11,2202-04-06,09:32,4048
141,Lovell,4,2202-04-06,09:33,4933
135,Lovell,5,2202-04-06,09:33,6146
128,Trinity,8,2202-04-06,09:34,4236
132,Lovell,2,2202-04-06,09:34,6514
120,Collinsons,0,2202-04-06,09:35,4051
134,Lovell,4,2202-04-06,09:36,6252
154,Lovell,3,2202-04-06,09:36,4729
141,Lovell,4,2202-04-06,09:37,5805
120,Collinsons,0,2202-04-06,09:38,4150
102,Collinsons,6,2202-04-06,09:38,4143
126,Trinity,6,2202-04-06,09:38,4249
140,Lovell,3,2202-04-06,09:39,4563
148,Lovell,4,2202-04-06,09:39,5445
138,Lovell,1,2202-04-06,09:39,5893
104,Collinsons,8,2202-04-06,09:40,4038
106,Collinsons,10,2202-04-06,09:40,4112
140,Lovell,3,2202-04-06,09:40,6134
151,Lovell,0,2202-04-06,09:41,5126
124,Trinity,4,2202-04-06,09:42,4240
136,Lovell,6,2202-04-06,09:42,4399
143,Lovell,6,2202-04-06,09:42,6407
117,Collinsons,9,2202-04-06,09:43,4095
143,Lovell,6,2202-04-06,09:43,5228
137,Lovell,0,2202-04-06,09:44,4415
147,Lovell,3,2202-04-06,09:44,6570
114,Collinsons,6,2202-04-06,09:45,4123
118,Collinsons,10,2202-04-06,09:46,4166
128,Trinity,8,2202-04-06,09:46,4213
143,Lovell,6,2202-04-06,09:46,6379
125,Trinity,5,2202-04-06,09:48,4192
155,Lovell,4,2202-04-06,09:48,4549
116,Collinsons,8,2202-04-06,09:49,4070
133,Lovell,3,2202-04-06,09:49,5250
106,Collinsons,10,2202-04-06,09:50,4098
112,Collinsons,4,2202-04-06,09:50,4174
138,Lovell,1,2202-04-06,09:50,6587
140,Lovell,3,2202-04-06,09:50,5882
137,Lovell,0,2202-04-06,09:51,6212
116,Collinsons,8,2202-04-06,09:53,4079
102,Collinsons,6,2202-04-06,09:53,4028
127,Trinity,7,2202-04-06,09:53,4188
132,Lovell,2,2202-04-06,09:53,5922
131,Lovell,1,2202-04-06,09:53,5186
103,Collinsons,7,2202-04-06,09:54,4098
157,Lovell,6,2202-04-06,09:54,4991
130,Trinity,10,2202-04-06,09:55,4219
153,Lovell,2,2202-04-06,09:56,4706
136,Lovell,6,2202-04-06,09:56,4691
156,Lovell,5,2202-04-06,09:56,4779
120,Collinsons,0,2202-04-06,09:57,4076
146,Lovell,2,2202-04-06,09:57,5468
148,Lovell,4,2202-04-06,09:57,6594
138,Lovell,1,2202-04-06,09:57,4874
140,Lovell,3,2202-04-06,09:58,4356
125,Trinity,5,2202-04-06,09:59,4198
137,Lovell,0,2202-04-06,09:59,6257
105,Collinsons,9,2202-04-06,10:00,4008
129,Trinity,9,2202-04-06,10:01,4222
160,Lovell,2,2202-04-06,10:01,5018
103,Collinsons,7,2202-04-06,10:02,4073
101,Collinsons,5,2202-04-06,10:02,4149
132,Lovell,2,2202-04-06,10:02,5079
147,Lovell,3,2202-04-06,10:04,6276
116,Collinsons,8,2202-04-06,10:05,4092
124,Trinity,4,2202-04-06,10:06,4206
151,Lovell,0,2202-04-06,10:06,5196
134,Lovell,4,2202-04-06,10:07,6370
157,Lovell,6,2202-04-06,10:07,5757
110,Collinsons,2,2202-04-06,10:08,4115
131,Lovell,1,2202-04-06,10:09,5472
108,Collinsons,0,2202-04-06,10:10,4182
121,Trinity,1,2202-04-06,10:11,4210
151,Lovell,0,2202-04-06,10:11,5953
133,Lovell,3,2202-04-06,10:11,6519
137,Lovell,0,2202-04-06,10:12,5838
100,Collinsons,4,2202-04-06,10:13,4041
129,Trinity,9,2202-04-06,10:14,4211
139,Lovell,2,2202-04-06,10:14,5754
108,Collinsons,0,2202-04-06,10:15,4070
152,Lovell,1,2202-04-06,10:15,5795
109,Collinsons,1,2202-04-06,10:16,4168
120,Collinsons,0,2202-04-06,10:16,4069
147,Lovell,3,2202-04-06,10:16,6122
134,Lovell,4,2202-04-06,10:17,5380
136,Lovell,6,2202-04-06,10:17,4884
108,Collinsons,0,2202-04-06,10:18,4044
143,Lovell,6,2202-04-06,10:18,5394
154,Lovell,3,2202-04-06,10:18,4834
133,Lovell,3,2202-04-06,10:18,6596
159,Lovell,1,2202-04-06,10:18,5077
124,Trinity,4,2202-04-06,10:19,4249
123,Trinity,3,2202-04-06,10:19,4183
154,Lovell,3,2202-04-06,10:19,6079
146,Lovell,2,2202-04-06,10:19,6604
155,Lovell,4,2202-04-06,10:20,5608
120,Collinsons,0,2202-04-06,10:21,4157
116,Collinsons,8,2202-04-06,10:21,4157
123,Trinity,3,2202-04-06,10:21,4238
133,Lovell,3,2202-04-06,10:21,5253
106,Collinsons,10,2202-04-06,10:23,4144
130,Trinity,10,2202-04-06,10:23,4234
141,Lovell,4,2202-04-06,10:23,4529
103,Collinsons,7,2202-04-06,10:24,4136
102,Collinsons,6,2202-04-06,10:24,4140
148,Lovell,4,2202-04-06,10:24,6059
117,Collinsons,9,2202-04-06,10:25,4121
128,Trinity,8,2202-04-06,10:26,4182
134,Lovell,4,2202-04-06,10:26,4765
123,Trinity,3,2202-04-06,10:27,4191
133,Lovell,3,2202-04-06,10:27,5484
137,Lovell,0,2202-04-06,10:27,5494
102,Collinsons,6,2202-04-06,10:28,4092
109,Collinsons,1,2202-04-06,10:29,4063
123,Trinity,3,2202-04-06,10:29,4248
135,Lovell,5,2202-04-06,10:29,5226
118,Collinsons,10,2202-04-06,10:30,4068
124,Trinity,4,2202-04-06,10:31,4195
126,Trinity,6,2202-04-06,10:31,4184
148,Lovell,4,2202-04-06,10:31,5409
149,Lovell,5,2202-04-06,10:32,4822
106,Collinsons,10,2202-04-06,10:33,4063
129,Trinity,9,2202-04-06,10:33,4225
158,Lovell,0,2202-04-06,10:34,4885
120,Collinsons,0,2202-04-06,10:36,4082
109,Collinsons,1,2202-04-06,10:36,4169
156,Lovell,5,2202-04-06,10:36,5441
112,Collinsons,4,2202-04-06,10:37,4125
137,Lovell,0,2202-04-06,10:37,4573
151,Lovell,0,2202-04-06,10:37,4929
155,Lovell,4,2202-04-06,10:37,4275
129,Trinity,9,2202-04-06,10:38,4228
122,Trinity,2,2202-04-06,10:38,4213
136,Lovell,6,2202-04-06,10:38,5722
146,Lovell,2,2202-04-06,10:38,5734
139,Lovell,2,2202-04-06,10:38,5790
116,Collinsons,8,2202-04-06,10:40,4055
122,Trinity,2,2202-04-06,10:40,4222
127,Trinity,7,2202-04-06,10:40,4199
134,Lovell,4,2202-04-06,10:40,4304
131,Lovell,1,2202-04-06,10:40,5439
114,Collinsons,6,2202-04-06,10:41,4106
113,Collinsons,5,2202-04-06,10:41,4077
151,Lovell,0,2202-04-06,10:41,5932
113,Collinsons,5,2202-04-06,10:42,4039
121,Trinity,1,2202-04-06,10:42,4239
136,Lovell,6,2202-04-06,10:43,6554
147,Lovell,3,2202-04-06,10:43,6059
106,Collinsons,10,2202-04-06,10:44,4060
127,Trinity,7,2202-04-06,10:45,4233
131,Lovell,1,2202-04-06,10:45,5797
149,Lovell,5,2202-04-06,10:45,4327
106,Collinsons,10,2202-04-06,10:46,4104
129,Trinity,9,2202-04-06,10:46,4235
121,Trinity,1,2202-04-06,10:47,4207
158,Lovell,0,2202-04-06,10:47,6020
158,Lovell,0,2202-04-06,10:47,5453
118,Collinsons,10,2202-04-06,10:49,4025
121,Trinity,1,2202-04-06,10:49,4243
134,Lovell,4,2202-04-06,10:49,6109
146,Lovell,2,2202-04-06,10:50,6522
146,Lovell,2,2202-04-06,10:51,5620
114,Collinsons,6,2202-04-06,10:52,4000
101,Collinsons,5,2202-04-06,10:53,4161
134,Lovell,4,2202-04-06,10:53,6166
133,Lovell,3,2202-04-06,10:53,4454
116,Collinsons,8,2202-04-06,10:54,4018
122,Trinity,2,2202-04-06,10:54,4202
134,Lovell,4,2202-04-06,10:55,5833
109,Collinsons,1,2202-04-06,10:56,4025
107,Collinsons,11,2202-04-06,10:57,4002
124,Trinity,4,2202-04-06,10:57,4228
153,Lovell,2,2202-04-06,10:57,6123
137,Lovell,0,2202-04-06,10:58,5490
103,Collinsons,7,2202-04-06,10:59,4171
155,Lovell,4,2202-04-06,10:59,4345
144,Lovell,0,2202-04-06,11:00,6526
110,Collinsons,2,2202-04-06,11:02,4017
119,Collinsons,11,2202-04-06,11:02,4037
128,Trinity,8,2202-04-06,11:02,4201
144,Lovell,0,2202-04-06,11:02,5405
101,Collinsons,5,2202-04-06,11:03,4179
126,Trinity,6,2202-04-06,11:03,4242
128,Trinity,8,2202-04-06,11:03,4188
131,Lovell,1,2202-04-06,11:03,5965
151,Lovell,0,2202-04-06,11:04,6200
121,Trinity,1,2202-04-06,11:05,4198
121,Trinity,1,2202-04-06,11:05,4231
120,Collinsons,0,2202-04-06,11:06,4120
159,Lovell,1,2202-04-06,11:06,4897
141,Lovell,4,2202-04-06,11:07,5747
119,Collinsons,11,2202-04-06,11:08,4078
144,Lovell,0,2202-04-06,11:08,5963
152,Lovell,1,2202-04-06,11:08,4575
143,Lovell,6,2202-04-06,11:08,4845
137,Lovell,0,2202-04-06,11:08,5094
114,Collinsons,6,2202-04-06,11:10,4185
129,Trinity,9,2202-04-06,11:10,4201
160,Lovell,2,2202-04-06,11:10,6526
122,Trinity,2,2202-04-06,11:11,4187
148,Lovell,4,2202-04-06,11:12,6411
114,Collinsons,6,2202-04-06,11:13,4122
122,Trinity,2,2202-04-06,11:13,4212
137,Lovell,0,2202-04-06,11:13,5961
147,Lovell,3,2202-04-06,11:15,6293
117,Collinsons,9,2202-04-06,11:16,4112
157,Lovell,6,2202-04-06,11:17,5619
116,Collinsons,8,2202-04-06,11:18,4060
121,Trinity,1,2202-04-06,11:18,4198
156,Lovell,5,2202-04-06,11:18,5542
117,Collinsons,9,2202-04-06,11:19,4160
153,Lovell,2,2202-04-06,11:20,4611
117,Collinsons,9,2202-04-06,11:21,4171
114,Collinsons,6,2202-04-06,11:21,4170
140,Lovell,3,2202-04-06,11:21,6255
153,Lovell,2,2202-04-06,11:21,5075
108,Collinsons,0,2202-04-06,11:23,4040
121,Trinity,1,2202-04-06,11:23,4201
121,Trinity,1,2202-04-06,11:23,4216
141,Lovell,4,2202-04-06,11:23,5623
121,Trinity,1,2202-04-06,11:24,4187
148,Lovell,4,2202-04-06,11:24,5503
153,Lovell,2,2202-04-06,11:24,5564
119,Collinsons,11,2202-04-06,11:25,4056
110,Collinsons,2,2202-04-06,11:25,4169
141,Lovell,4,2202-04-06,11:26,5080
145,Lovell,1,2202-04-06,11:26,5961
152,Lovell,1,2202-04-06,11:26,5762
147,Lovell,3,2202-04-06,11:27,6399
151,Lovell,0,2202-04-06,11:27,4474
110,Collinsons,2,2202-04-06,11:28,4010
121,Trinity,1,2202-04-06,11:29,4218
145,Lovell,1,2202-04-06,11:29,5076
143,Lovell,6,2202-04-06,11:29,6127
146,Lovell,2,2202-04-06,11:29,5693
114,Collinsons,6,2202-04-06,11:30,4097
124,Trinity,4,2202-04-06,11:31,4210
160,Lovell,2,2202-04-06,11:31,5833
145,Lovell,1,2202-04-06,11:31,5561
130,Trinity,10,2202-04-06,11:32,4220
155,Lovell,4,2202-04-06,11:32,6242
120,Collinsons,0,2202-04-06,11:33,4199
158,Lovell,0,2202-04-06,11:34,5989
146,Lovell,2,2202-04-06,11:35,4261
108,Collinsons,0,2202-04-06,11:36,4054
135,Lovell,5,2202-04-06,11:36,5877
119,Collinsons,11,2202-04-06,11:37,4086
115,Collinsons,7,2202-04-06,11:37,4077
107,Collinsons,11,2202-04-06,11:37,4176
118,Collinsons,10,2202-04-06,11:37,4065
127,Trinity,7,2202-04-06,11:37,4212
156,Lovell,5,2202-04-06,11:37,5479
100,Collinsons,4,2202-04-06,11:38,4157
160,Lovell,2,2202-04-06,11:38,5736
131,Lovell,1,2202-04-06,11:38,5004
136,Lovell,6,2202-04-06,11:38,5825
131,Lovell,1,2202-04-06,11:39,5525
109,Collinsons,1,2202-04-06,11:40,4089
157,Lovell,6,2202-04-06,11:40,6453
151,Lovell,0,2202-04-06,11:40,6118
143,Lovell,6,2202-04-06,11:40,6180
151,Lovell,0,2202-04-06,11:40,5413
137,Lovell,0,2202-04-06,11:40,5620
126,Trinity,6,2202-04-06,11:41,4191
107,Collinsons,11,2202-04-06,11:42,4122
149,Lovell,5,2202-04-06,11:42,4363
112,Collinsons,4,2202-04-06,11:43,4043
105,Collinsons,9,2202-04-06,11:43,4179
155,Lovell,4,2202-04-06,11:44,6360
128,Trinity,8,2202-04-06,11:45,4210
129,Trinity,9,2202-04-06,11:45,4205
100,Collinsons,4,2202-04-06,11:46,4054
124,Trinity,4,2202-04-06,11:46,4237
159,Lovell,1,2202-04-06,11:46,6072
158,Lovell,0,2202-04-06,11:46,4840
106,Collinsons,10,2202-04-06,11:47,4048
102,Collinsons,6,2202-04-06,11:48,4137
109,Collinsons,1,2202-04-06,11:48,4115
155,Lovell,4,2202-04-06,11:48,4755
117,Collinsons,9,2202-04-06,11:49,4115
140,Lovell,3,2202-04-06,11:50,4818
132,Lovell,2,2202-04-06,11:50,4585
110,Collinsons,2,2202-04-06,11:51,4028
113,Collinsons,5,2202-04-06,11:51,4164
122,Trinity,2,2202-04-06,11:51,4248
143,Lovell,6,2202-04-06,11:51,4610
133,Lovell,3,2202-04-06,11:52,5405
118,Collinsons,10,2202-04-06,11:53,4171
147,Lovell,3,2202-04-06,11:53,6387
147,Lovell,3,2202-04-06,11:53,6570
142,Lovell,5,2202-04-06,11:53,5783
148,Lovell,4,2202-04-06,11:53,5469
141,Lovell,4,2202-04-06,11:53,6376
149,Lovell,5,2202-04-06,11:53,4985
110,Collinsons,2,2202-04-06,11:54,4000
158,Lovell,0,2202-04-06,11:54,5071
117,Collinsons,9,2202-04-06,11:55,4105
122,Trinity,2,2202-04-06,11:55,4213
150,Lovell,6,2202-04-06,11:56,4241
107,Collinsons,11,2202-04-06,11:57,4190
119,Collinsons,11,2202-04-06,11:58,4025
104,Collinsons,8,2202-04-06,11:58,4162
109,Collinsons,1,2202-04-06,11:58,4141
154,Lovell,3,2202-04-06,11:58,5883
102,Collinsons,6,2202-04-06,11:59,4052
123,Trinity,3,2202-04-06,11:59,4184
147,Lovell,3,2202-04-06,11:59,6026
144,Lovell,0,2202-04-06,12:00,5865
148,Lovell,4,2202-04-06,12:00,6279
157,Lovell,6,2202-04-06,12:00,5005
112,Collinsons,4,2202-04-06,12:01,4067
132,Lovell,2,2202-04-06,12:01,4372
156,Lovell,5,2202-04-06,12:01,6369
146,Lovell,2,2202-04-06,12:01,4674
114,Collinsons,6,2202-04-06,12:02,4032
149,Lovell,5,2202-04-06,12:02,6436
102,Collinsons,6,2202-04-06,12:03,4067
128,Trinity,8,2202-04-06,12:03,4185
157,Lovell,6,2202-04-06,12:03,4550
134,Lovell,4,2202-04-06,12:04,6134
141,Lovell,4,2202-04-06,12:05,5505
101,Collinsons,5,2202-04-06,12:06,4126
128,Trinity,8,2202-04-06,12:06,4233
146,Lovell,2,2202-04-06,12:06,5773
138,Lovell,1,2202-04-06,12:07,5674
111,Collinsons,3,2202-04-06,12:09,4018
117,Collinsons,9,2202-04-06,12:09,4016
132,Lovell,2,2202-04-06,12:09,5340
129,Trinity,9,2202-04-06,12:11,4246
153,Lovell,2,2202-04-06,12:11,5954
106,Collinsons,10,2202-04-06,12:12,4045
149,Lovell,5,2202-04-06,12:13,4808
119,Collinsons,11,2202-04-06,12:14,4001
104,Collinsons,8,2202-04-06,12:14,4069
109,Collinsons,1,2202-04-06,12:14,4055
156,Lovell,5,2202-04-06,12:14,5241
148,Lovell,4,2202-04-06,12:14,5222
121,Trinity,1,2202-04-06,12:15,4192
139,Lovell,2,2202-04-06,12:15,6017
117,Collinsons,9,2202-04-06,12:17,4150
129,Trinity,9,2202-04-06,12:17,4196
151,Lovell,0,2202-04-06,12:17,4549
117,Collinsons,9,2202-04-06,12:18,4092
135,Lovell,5,2202-04-06,12:18,5676
160,Lovell,2,2202-04-06,12:18,4419
131,Lovell,1,2202-04-06,12:19,5899
139,Lovell,2,2202-04-06,12:19,4942
104,Collinsons,8,2202-04-06,12:20,4074
110,Collinsons,2,2202-04-06,12:21,4123
148,Lovell,4,2202-04-06,12:21,4282
101,Collinsons,5,2202-04-06,12:22,4171
123,Trinity,3,2202-04-06,12:22,4184
158,Lovell,0,2202-04-06,12:23,4580
113,Collinsons,5,2202-04-06,12:25,4143
104,Collinsons,8,2202-04-06,12:25,4051
159,Lovell,1,2202-04-06,12:25,4276
115,Collinsons,7,2202-04-06,12:26,4159
101,Collinsons,5,2202-04-06,12:26,4006
121,Trinity,1,2202-04-06,12:26,4196
132,Lovell,2,2202-04-06,12:27,5407
119,Collinsons,11,2202-04-06,12:29,4186
114,Collinsons,6,2202-04-06,12:29,4051
131,Lovell,1,2202-04-06,12:29,5569
108,Collinsons,0,2202-04-06,12:30,4048
125,Trinity,5,2202-04-06,12:31,4206
160,Lovell,2,2202-04-06,12:31,6315
151,Lovell,0,2202-04-06,12:31,5458
145,Lovell,1,2202-04-06,12:32,5318
153,Lovell,2,2202-04-06,12:32,5618
102,Collinsons,6,2202-04-06,12:33,4102
149,Lovell,5,2202-04-06,12:33,4785
144,Lovell,0,2202-04-06,12:34,5784
142,Lovell,5,2202-04-06,12:34,4770
157,Lovell,6,2202-04-06,12:34,4399
128,Trinity,8,2202-04-06,12:35,4228
120,Collinsons,0,2202-04-06,12:36,4096
155,Lovell,4,2202-04-06,12:36,6279
105,Collinsons,9,2202-04-06,12:37,4073
127,Trinity,7,2202-04-06,12:37,4185
123,Trinity,3,2202-04-06,12:38,4228
140,Lovell,3,2202-04-06,12:38,6292
138,Lovell,1,2202-04-06,12:38,5556
133,Lovell,3,2202-04-06,12:39,6421
113,Collinsons,5,2202-04-06,12:40,4001
130,Trinity,10,2202-04-06,12:40,4181
129,Trinity,9,2202-04-06,12:40,4221
153,Lovell,2,2202-04-06,12:40,4278
149,Lovell,5,2202-04-06,12:41,5821
125,Trinity,5,2202-04-06,12:42,4226
151,Lovell,0,2202-04-06,12:42,6369
103,Collinsons,7,2202-04-06,12:43,4119
133,Lovell,3,2202-04-06,12:44,5670
120,Collinsons,0,2202-04-06,12:45,4126
135,Lovell,5,2202-04-06,12:46,6219
151,Lovell,0,2202-04-06,12:46,4749
149,Lovell,5,2202-04-06,12:46,4870
130,Trinity,10,2202-04-06,12:47,4190
149,Lovell,5,2202-04-06,12:47,5301
102,Collinsons,6,2202-04-06,12:48,4056
112,Collinsons,4,2202-04-06,12:48,4188
129,Trinity,9,2202-04-06,12:48,4210
145,Lovell,1,2202-04-06,12:49,4818
152,Lovell,1,2202-04-06,12:49,6452
130,Trinity,10,2202-04-06,12:50,4204
109,Collinsons,1,2202-04-06,12:51,4194
148,Lovell,4,2202-04-06,12:51,6336
119,Collinsons,11,2202-04-06,12:53,4002
141,Lovell,4,2202-04-06,12:53,4494
152,Lovell,1,2202-04-06,12:54,5149
142,Lovell,5,2202-04-06,12:54,5718
103,Collinsons,7,2202-04-06,12:55,4092
127,Trinity,7,2202-04-06,12:55,4219
133,Lovell,3,2202-04-06,12:55,5107
107,Collinsons,11,2202-04-06,12:56,4139
128,Trinity,8,2202-04-06,12:56,4184
135,Lovell,5,2202-04-06,12:56,6400
111,Collinsons,3,2202-04-06,12:58,4095
118,Collinsons,10,2202-04-06,12:58,4174
134,Lovell,4,2202-04-06,12:58,5919
138,Lovell,1,2202-04-06,12:58,4356
114,Collinsons,6,2202-04-06,12:59,4111
141,Lovell,4,2202-04-06,12:59,6530
113,Collinsons,5,2202-04-06,13:00,4190
151,Lovell,0,2202-04-06,13:00,5720
106,Collinsons,10,2202-04-06,13:01,4182
113,Collinsons,5,2202-04-06,13:01,4006
123,Trinity,3,2202-04-06,13:01,4224
125,Trinity,5,2202-04-06,13:01,4249
125,Trinity,5,2202-04-06,13:02,4216
144,Lovell,0,2202-04-06,13:02,5689
140,Lovell,3,2202-04-06,13:02,5723
143,Lovell,6,2202-04-06,13:02,6267
111,Collinsons,3,2202-04-06,13:04,4192
139,Lovell,2,2202-04-06,13:04,6384
156,Lovell,5,2202-04-06,13:04,5200
123,Trinity,3,2202-04-06,13:05,4240
153,Lovell,2,2202-04-06,13:05,4433
126,Trinity,6,2202-04-06,13:06,4191
117,Collinsons,9,2202-04-06,13:07,4153
126,Trinity,6,2202-04-06,13:07,4189
141,Lovell,4,2202-04-06,13:07,5452
113,Collinsons,5,2202-04-06,13:09,4156
124,Trinity,4,2202-04-06,13:09,4228
128,Trinity,8,2202-04-06,13:09,4190
144,Lovell,0,2202-04-06,13:09,5176
144,Lovell,0,2202-04-06,13:10,5972
100,Collinsons,4,2202-04-06,13:12,4087
143,Lovell,6,2202-04-06,13:12,4397
149,Lovell,5,2202-04-06,13:13,5360
126,Trinity,6,2202-04-06,13:14,4249
129,Trinity,9,2202-04-06,13:14,4193
104,Collinsons,8,2202-04-06,13:15,4092
122,Trinity,2,2202-04-06,13:15,4187
139,Lovell,2,2202-04-06,13:15,5484
135,Lovell,5,2202-04-06,13:15,5659
114,Collinsons,6,2202-04-06,13:16,4061
139,Lovell,2,2202-04-06,13:16,5274
154,Lovell,3,2202-04-06,13:16,6447
158,Lovell,0,2202-04-06,13:16,5046
119,Collinsons,11,2202-04-06,13:17,4170
116,Collinsons,8,2202-04-06,13:18,4115
142,Lovell,5,2202-04-06,13:18,5205
123,Trinity,3,2202-04-06,13:19,4213
103,Collinsons,7,2202-04-06,13:20,4001
148,Lovell,4,2202-04-06,13:20,6566
146,Lovell,2,2202-04-06,13:20,4778
138,Lovell,1,2202-04-06,13:21,6014
106,Collinsons,10,2202-04-06,13:22,4156
137,Lovell,0,2202-04-06,13:23,6406
123,Trinity,3,2202-04-06,13:24,4222
142,Lovell,5,2202-04-06,13:24,4710
102,Collinsons,6,2202-04-06,13:25,4099
157,Lovell,6,2202-04-06,13:25,5457
155,Lovell,4,2202-04-06,13:25,4543
153,Lovell,2,2202-04-06,13:26,4408
154,Lovell,3,2202-04-06,13:26,5947
108,Collinsons,0,2202-04-06,13:27,4106
127,Trinity,7,2202-04-06,13:27,4218
155,Lovell,4,2202-04-06,13:28,6409
129,Trinity,9,2202-04-06,13:29,4212
101,Collinsons,5,2202-04-06,13:30,4169
131,Lovell,1,2202-04-06,13:30,5239
144,Lovell,0,2202-04-06,13:30,5484
108,Collinsons,0,2202-04-06,13:31,4180
159,Lovell,1,2202-04-06,13:31,4614
110,Collinsons,2,2202-04-06,13:32,4108
124,Trinity,4,2202-04-06,13:33,4181
148,Lovell,4,2202-04-06,13:33,5300
108,Collinsons,0,2202-04-06,13:34,4082
147,Lovell,3,2202-04-06,13:34,5238
114,Collinsons,6,2202-04-06,13:35,4022
107,Collinsons,11,2202-04-06,13:35,4180
126,Trinity,6,2202-04-06,13:35,4209
126,Trinity,6,2202-04-06,13:35,4242
154,Lovell,3,2202-04-06,13:35,5699
142,Lovell,5,2202-04-06,13:35,6017
142,Lovell,5,2202-04-06,13:35,6115
118,Collinsons,10,2202-04-06,13:36,4145
148,Lovell,4,2202-04-06,13:36,5976
156,Lovell,5,2202-04-06,13:36,6283
131,Lovell,1,2202-04-06,13:38,6363
144,Lovell,0,2202-04-06,13:38,5512
118,Collinsons,10,2202-04-06,13:39,4081
155,Lovell,4,2202-04-06,13:39,5937
124,Trinity,4,2202-04-06,13:40,4195
147,Lovell,3,2202-04-06,13:40,4384
160,Lovell,2,2202-04-06,13:40,4545
119,Collinsons,11,2202-04-06,13:41,4033
123,Trinity,3,2202-04-06,13:42,4243
150,Lovell,6,2202-04-06,13:42,6074
110,Collinsons,2,2202-04-06,13:43,4128
118,Collinsons,10,2202-04-06,13:43,4108
146,Lovell,2,2202-04-06,13:43,4782
105,Collinsons,9,2202-04-06,13:44,4167
137,Lovell,0,2202-04-06,13:44,4604
123,Trinity,3,2202-04-06,13:45,4238
136,Lovell,6,2202-04-06,13:45,5820
119,Collinsons,11,2202-04-06,13:46,4074
150,Lovell,6,2202-04-06,13:46,6424
112,Collinsons,4,2202-04-06,13:48,4092
120,Collinsons,0,2202-04-06,13:48,4023
159,Lovell,1,2202-04-06,13:48,4689
128,Trinity,8,2202-04-06,13:49,4249
153,Lovell,2,2202-04-06,13:50,5094
108,Collinsons,0,2202-04-06,13:51,4196
107,Collinsons,11,2202-04-06,13:51,4068
106,Collinsons,10,2202-04-06,13:52,4084
125,Trinity,5,2202-04-06,13:52,4240
148,Lovell,4,2202-04-06,13:52,4922
158,Lovell,0,2202-04-06,13:52,6599
131,Lovell,1,2202-04-06,13:54,5443
106,Collinsons,10,2202-04-06,13:55,4140
106,Collinsons,10,2202-04-06,13:55,4068
122,Trinity,2,2202-04-06,13:55,4242
144,Lovell,0,2202-04-06,13:56,6486
115,Collinsons,7,2202-04-06,13:58,4113
131,Lovell,1,2202-04-06,13:58,6210
156,Lovell,5,2202-04-06,13:58,4510
121,Trinity,1,2202-04-06,13:59,4198
140,Lovell,3,2202-04-06,13:59,6070
147,Lovell,3,2202-04-06,14:00,4412
158,Lovell,0,2202-04-06,14:00,4799
113,Collinsons,5,2202-04-06,14:01,4038
155,Lovell,4,2202-04-06,14:01,5199
153,Lovell,2,2202-04-06,14:01,6436
113,Collinsons,5,2202-04-06,14:02,4106
114,Collinsons,6,2202-04-06,14:02,4161
152,Lovell,1,2202-04-06,14:02,4658
139,Lovell,2,2202-04-06,14:03,4476
138,Lovell,1,2202-04-06,14:03,4557
141,Lovell,4,2202-04-06,14:03,4798
144,Lovell,0,2202-04-06,14:03,4733
130,Trinity,10,2202-04-06,14:04,4193
136,Lovell,6,2202-04-06,14:04,5622
133,Lovell,3,2202-04-06,14:04,5598
120,Collinsons,0,2202-04-06,14:05,4033
103,Collinsons,7,2202-04-06,14:05,4112
100,Collinsons,4,2202-04-06,14:06,4143
100,Collinsons,4,2202-04-06,14:06,4056
120,Collinsons,0,2202-04-06,14:06,4082
123,Trinity,3,2202-04-06,14:06,4184
129,Trinity,9,2202-04-06,14:06,4211
124,Trinity,4,2202-04-06,14:06,4188
146,Lovell,2,2202-04-06,14:06,4633
145,Lovell,1,2202-04-06,14:08,6503
113,Collinsons,5,2202-04-06,14:09,4013
124,Trinity,4,2202-04-06,14:09,4203
135,Lovell,5,2202-04-06,14:09,5471
148,Lovell,4,2202-04-06,14:09,4258
100,Collinsons,4,2202-04-06,14:10,4047
158,Lovell,0,2202-04-06,14:11,5421
159,Lovell,1,2202-04-06,14:11,5409
111,Collinsons,3,2202-04-06,14:12,4100
118,Collinsons,10,2202-04-06,14:12,4064
118,Collinsons,10,2202-04-06,14:12,4092
124,Trinity,4,2202-04-06,14:12,4221
148,Lovell,4,2202-04-06,14:12,4362
132,Lovell,2,2202-04-06,14:12,4913
106,Collinsons,10,2202-04-06,14:13,4183
119,Collinsons,11,2202-04-06,14:14,4002
112,Collinsons,4,2202-04-06,14:14,4143
110,Collinsons,2,2202-04-06,14:14,4120
154,Lovell,3,2202-04-06,14:14,4534
155,Lovell,4,2202-04-06,14:14,5411
116,Collinsons,8,2202-04-06,14:15,4108
159,Lovell,1,2202-04-06,14:15,4318
148,Lovell,4,2202-04-06,14:15,5098
149,Lovell,5,2202-04-06,14:15,5256
146,Lovell,2,2202-04-06,14:15,5172
139,Lovell,2,2202-04-06,14:15,5054
131,Lovell,1,2202-04-06,14:16,6133
124,Trinity,4,2202-04-06,14:17,4208
151,Lovell,0,2202-04-06,14:17,6207
119,Collinsons,11,2202-04-06,14:18,4151
107,Collinsons,11,2202-04-06,14:18,4082
132,Lovell,2,2202-04-06,14:18,5536
123,Trinity,3,2202-04-06,14:19,4250
128,Trinity,8,2202-04-06,14:19,4243
136,Lovell,6,2202-04-06,14:19,5007
131,Lovell,1,2202-04-06,14:19,5164
143,Lovell,6,2202-04-06,14:19,5130
114,Collinsons,6,2202-04-06,14:20,4096
124,Trinity,4,2202-04-06,14:20,4243
160,Lovell,2,2202-04-06,14:20,5344
128,Trinity,8,2202-04-06,14:21,4185
140,Lovell,3,2202-04-06,14:21,4390
131,Lovell,1,2202-04-06,14:21,4725
138,Lovell,1,2202-04-06,14:22,6356
104,Collinsons,8,2202-04-06,14:23,4096
129,Trinity,9,2202-04-06,14:23,4243
130,Trinity,10,2202-04-06,14:24,4210
153,Lovell,2,2202-04-06,14:24,5520
119,Collinsons,11,2202-04-06,14:26,4114
147,Lovell,3,2202-04-06,14:26,5895
154,Lovell,3,2202-04-06,14:26,5776
152,Lovell,1,2202-04-06,14:26,4796
134,Lovell,4,2202-04-06,14:26,4818
105,Collinsons,9,2202-04-06,14:27,4005
122,Trinity,2,2202-04-06,14:27,4246
124,Trinity,4,2202-04-06,14:27,4216
149,Lovell,5,2202-04-06,14:27,4538
121,Trinity,1,2202-04-06,14:28,4210
119,Collinsons,11,2202-04-06,14:29,4029
138,Lovell,1,2202-04-06,14:29,4692
128,Trinity,8,2202-04-06,14:30,4205
126,Trinity,6,2202-04-06,14:30,4221
158,Lovell,0,2202-04-06,14:30,5026
111,Collinsons,3,2202-04-06,14:31,4197
115,Collinsons,7,2202-04-06,14:32,4033
111,Collinsons,3,2202-04-06,14:32,4064
132,Lovell,2,2202-04-06,14:32,4581
126,Trinity,6,2202-04-06,14:33,4230
124,Trinity,4,2202-04-06,14:33,4238
127,Trinity,7,2202-04-06,14:33,4224
147,Lovell,3,2202-04-06,14:33,6343
120,Collinsons,0,2202-04-06,14:34,4079
141,Lovell,4,2202-04-06,14:35,5801
134,Lovell,4,2202-04-06,14:36,4675
152,Lovell,1,2202-04-06,14:36,5849
119,Collinsons,11,2202-04-06,14:37,4079
146,Lovell,2,2202-04-06,14:37,4261
130,Trinity,10,2202-04-06,14:38,4186
153,Lovell,2,2202-04-06,14:39,5289
137,Lovell,0,2202-04-06,14:39,4471
103,Collinsons,7,2202-04-06,14:40,4200
111,Collinsons,3,2202-04-06,14:40,4198
146,Lovell,2,2202-04-06,14:41,6576
150,Lovell,6,2202-04-06,14:42,6013
144,Lovell,0,2202-04-06,14:42,5975
119,Collinsons,11,2202-04-06,14:43,4076
118,Collinsons,10,2202-04-06,14:43,4195
125,Trinity,5,2202-04-06,14:43,4203
142,Lovell,5,2202-04-06,14:43,5885
155,Lovell,4,2202-04-06,14:44,6575
112,Collinsons,4,2202-04-06,14:45,4090
129,Trinity,9,2202-04-06,14:45,4198
129,Trinity,9,2202-04-06,14:45,4203
156,Lovell,5,2202-04-06,14:45,6187
116,Collinsons,8,2202-04-06,14:46,4132
100,Collinsons,4,2202-04-06,14:46,4109
128,Trinity,8,2202-04-06,14:46,4198
128,Trinity,8,2202-04-06,14:46,4247
145,Lovell,1,2202-04-06,14:46,6597
159,Lovell,1,2202-04-06,14:46,4790
137,Lovell,0,2202-04-06,14:48,6367
111,Collinsons,3,2202-04-06,14:49,4074
112,Collinsons,4,2202-04-06,14:49,4200
142,Lovell,5,2202-04-06,14:49,5404
125,Trinity,5,2202-04-06,14:50,4204
137,Lovell,0,2202-04-06,14:50,5068
117,Collinsons,9,2202-04-06,14:51,4104
113,Collinsons,5,2202-04-06,14:51,4040
154,Lovell,3,2202-04-06,14:51,6290
146,Lovell,2,2202-04-06,14:51,5598
115,Collinsons,7,2202-04-06,14:52,4039
109,Collinsons,1,2202-04-06,14:52,4039
106,Collinsons,10,2202-04-06,14:53,4168
147,Lovell,3,2202-04-06,14:53,5285
125,Trinity,5,2202-04-06,14:55,4219
124,Trinity,4,2202-04-06,14:55,4209
133,Lovell,3,2202-04-06,14:55,6226
103,Collinsons,7,2202-04-06,14:56,4045
119,Collinsons,11,2202-04-06,14:56,4000
114,Collinsons,6,2202-04-06,14:57,4152
111,Collinsons,3,2202-04-06,14:57,4172
121,Trinity,1,2202-04-06,14:57,4235
122,Trinity,2,2202-04-06,14:57,4224
130,Trinity,10,2202-04-06,14:57,4208
155,Lovell,4,2202-04-06,14:57,4467
138,Lovell,1,2202-04-06,14:57,4457
111,Collinsons,3,2202-04-06,14:58,4008
150,Lovell,6,2202-04-06,14:58,4628
149,Lovell,5,2202-04-06,14:59,4618
114,Collinsons,6,2202-04-06,15:01,4130
138,Lovell,1,2202-04-06,15:01,5353
134,Lovell,4,2202-04-06,15:01,6249
126,Trinity,6,2202-04-06,15:02,4243
104,Collinsons,8,2202-04-06,15:03,4153
113,Collinsons,5,2202-04-06,15:03,4069
108,Collinsons,0,2202-04-06,15:03,4016
120,Collinsons,0,2202-04-06,15:03,4005
130,Trinity,10,2202-04-06,15:03,4245
130,Trinity,10,2202-04-06,15:03,4242
138,Lovell,1,2202-04-06,15:03,5847
160,Lovell,2,2202-04-06,15:03,4803
100,Collinsons,4,2202-04-06,15:05,4133
153,Lovell,2,2202-04-06,15:05,4810
155,Lovell,4,2202-04-06,15:05,5465
151,Lovell,0,2202-04-06,15:05,6090
122,Trinity,2,2202-04-06,15:06,4195
128,Trinity,8,2202-04-06,15:06,4216
131,Lovell,1,2202-04-06,15:06,4465
129,Trinity,9,2202-04-06,15:07,4214
120,Collinsons,0,2202-04-06,15:08,4063
160,Lovell,2,2202-04-06,15:08,4957
155,Lovell,4,2202-04-06,15:09,5915
110,Collinsons,2,2202-04-06,15:11,4092
158,Lovell,0,2202-04-06,15:11,4253
136,Lovell,6,2202-04-06,15:11,5337
137,Lovell,0,2202-04-06,15:11,4327
127,Trinity,7,2202-04-06,15:12,4223
125,Trinity,5,2202-04-06,15:12,4217
133,Lovell,3,2202-04-06,15:12,5726
134,Lovell,4,2202-04-06,15:13,6129
160,Lovell,2,2202-04-06,15:13,4753
109,Collinsons,1,2202-04-06,15:14,4128
160,Lovell,2,2202-04-06,15:15,4806
134,Lovell,4,2202-04-06,15:15,5061
110,Collinsons,2,2202-04-06,15:16,4149
111,Collinsons,3,2202-04-06,15:16,4001
121,Trinity,1,2202-04-06,15:16,4181
126,Trinity,6,2202-04-06,15:17,4188
157,Lovell,6,2202-04-06,15:17,5711
132,Lovell,2,2202-04-06,15:17,5208
141,Lovell,4,2202-04-06,15:17,5820
101,Collinsons,5,2202-04-06,15:18,4048
110,Collinsons,2,2202-04-06,15:19,4026
137,Lovell,0,2202-04-06,15:19,4780
142,Lovell,5,2202-04-06,15:19,5411
108,Collinsons,0,2202-04-06,15:20,4001
106,Collinsons,10,2202-04-06,15:20,4067
130,Trinity,10,2202-04-06,15:20,4227
154,Lovell,3,2202-04-06,15:20,4832
132,Lovell,2,2202-04-06,15:21,6451
131,Lovell,1,2202-04-06,15:21,4268
108,Collinsons,0,2202-04-06,15:22,4074
100,Collinsons,4,2202-04-06,15:22,4035
146,Lovell,2,2202-04-06,15:22,4377
132,Lovell,2,2202-04-06,15:23,6425
116,Collinsons,8,2202-04-06,15:24,4092
124,Trinity,4,2202-04-06,15:24,4242
109,Collinsons,1,2202-04-06,15:25,4099
132,Lovell,2,2202-04-06,15:25,6519
154,Lovell,3,2202-04-06,15:26,5455
118,Collinsons,10,2202-04-06,15:27,4039
130,Trinity,10,2202-04-06,15:27,4212
149,Lovell,5,2202-04-06,15:27,5584
148,Lovell,4,2202-04-06,15:27,5691
108,Collinsons,0,2202-04-06,15:28,4114
120,Collinsons,0,2202-04-06,15:29,4156
115,Collinsons,7,2202-04-06,15:29,4038
138,Lovell,1,2202-04-06,15:29,5347
130,Trinity,10,2202-04-06,15:30,4182
119,Collinsons,11,2202-04-06,15:31,4041
111,Collinsons,3,2202-04-06,15:31,4128
128,Trinity,8,2202-04-06,15:31,4226
142,Lovell,5,2202-04-06,15:31,5004
147,Lovell,3,2202-04-06,15:31,5325
118,Collinsons,10,2202-04-06,15:33,4122
101,Collinsons,5,2202-04-06,15:33,4183
134,Lovell,4,2202-04-06,15:33,5134
143,Lovell,6,2202-04-06,15:33,5413
153,Lovell,2,2202-04-06,15:33,4761
160,Lovell,2,2202-04-06,15:33,4502
111,Collinsons,3,2202-04-06,15:35,4003
139,Lovell,2,2202-04-06,15:35,5707
149,Lovell,5,2202-04-06,15:35,5443
129,Trinity,9,2202-04-06,15:36,4190
118,Collinsons,10,2202-04-06,15:37,4052
153,Lovell,2,2202-04-06,15:37,5711
133,Lovell,3,2202-04-06,15:37,5698
138,Lovell,1,2202-04-06,15:37,6153
135,Lovell,5,2202-04-06,15:37,6091
128,Trinity,8,2202-04-06,15:38,4244
154,Lovell,3,2202-04-06,15:39,5575
104,Collinsons,8,2202-04-06,15:40,4087
107,Collinsons,11,2202-04-06,15:40,4143
154,Lovell,3,2202-04-06,15:40,6476
146,Lovell,2,2202-04-06,15:41,5619
121,Trinity,1,2202-04-06,15:42,4236
137,Lovell,0,2202-04-06,15:42,5530
105,Collinsons,9,2202-04-06,15:43,4061
135,Lovell,5,2202-04-06,15:44,5993
101,Collinsons,5,2202-04-06,15:45,4001
145,Lovell,1,2202-04-06,15:46,6303
101,Collinsons,5,2202-04-06,15:47,4045
122,Trinity,2,2202-04-06,15:47,4247
144,Lovell,0,2202-04-06,15:47,5505
128,Trinity,8,2202-04-06,15:48,4232
119,Collinsons,11,2202-04-06,15:49,4128
124,Trinity,4,2202-04-06,15:49,4184
145,Lovell,1,2202-04-06,15:49,5530
129,Trinity,9,2202-04-06,15:50,4233
121,Trinity,1,2202-04-06,15:50,4181
126,Trinity,6,2202-04-06,15:50,4210
157,Lovell,6,2202-04-06,15:50,5664
108,Collinsons,0,2202-04-06,15:51,4132
114,Collinsons,6,2202-04-06,15:52,4124
139,Lovell,2,2202-04-06,15:52,5365
150,Lovell,6,2202-04-06,15:53,4887
142,Lovell,5,2202-04-06,15:53,4680
143,Lovell,6,2202-04-06,15:53,6350
107,Collinsons,11,2202-04-06,15:54,4110
108,Collinsons,0,2202-04-06,15:54,4022
121,Trinity,1,2202-04-06,15:54,4180
142,Lovell,5,2202-04-06,15:54,4919
120,Collinsons,0,2202-04-06,15:55,4165
114,Collinsons,6,2202-04-06,15:55,4031
149,Lovell,5,2202-04-06,15:56,5046
118,Collinsons,10,2202-04-06,15:57,4117
125,Trinity,5,2202-04-06,15:57,4188
151,Lovell,0,2202-04-06,15:58,4951
119,Collinsons,11,2202-04-06,16:00,4006
126,Trinity,6,2202-04-06,16:00,4223
146,Lovell,2,2202-04-06,16:00,5941
152,Lovell,1,2202-04-06,16:00,5261
130,Trinity,10,2202-04-06,16:01,4247
134,Lovell,4,2202-04-06,16:01,5662
133,Lovell,3,2202-04-06,16:01,4522
127,Trinity,7,2202-04-06,16:02,4194
114,Collinsons,6,2202-04-06,16:03,4195
126,Trinity,6,2202-04-06,16:03,4189
132,Lovell,2,2202-04-06,16:03,4250
127,Trinity,7,2202-04-06,16:04,4186
155,Lovell,4,2202-04-06,16:04,5773
124,Trinity,4,2202-04-06,16:05,4188
115,Collinsons,7,2202-04-06,16:06,4192
144,Lovell,0,2202-04-06,16:06,4356
158,Lovell,0,2202-04-06,16:06,4505
153,Lovell,2,2202-04-06,16:06,4735
105,Collinsons,9,2202-04-06,16:08,4016
131,Lovell,1,2202-04-06,16:08,4233
156,Lovell,5,2202-04-06,16:08,4612
151,Lovell,0,2202-04-06,16:08,5442
111,Collinsons,3,2202-04-06,16:09,4183
128,Trinity,8,2202-04-06,16:09,4197
159,Lovell,1,2202-04-06,16:09,4981
137,Lovell,0,2202-04-06,16:11,4250
103,Collinsons,7,2202-04-06,16:12,4114
153,Lovell,2,2202-04-06,16:12,5316
103,Collinsons,7,2202-04-06,16:14,4166
128,Trinity,8,2202-04-06,16:14,4239
134,Lovell,4,2202-04-06,16:14,4774
114,Collinsons,6,2202-04-06,16:16,4200
138,Lovell,1,2202-04-06,16:16,6511
119,Collinsons,11,2202-04-06,16:17,4059
108,Collinsons,0,2202-04-06,16:17,4064
105,Collinsons,9,2202-04-06,16:17,4128
124,Trinity,4,2202-04-06,16:18,4239
143,Lovell,6,2202-04-06,16:18,6454
139,Lovell,2,2202-04-06,16:18,5076
106,Collinsons,10,2202-04-06,16:19,4005
130,Trinity,10,2202-04-06,16:19,4235
158,Lovell,0,2202-04-06,16:20,5618
111,Collinsons,3,2202-04-06,16:22,4135
151,Lovell,0,2202-04-06,16:22,5428
133,Lovell,3,2202-04-06,16:22,4947
127,Trinity,7,2202-04-06,16:24,4197
117,Collinsons,9,2202-04-06,16:25,4022
114,Collinsons,6,2202-04-06,16:27,4034
121,Trinity,1,2202-04-06,16:28,4198
111,Collinsons,3,2202-04-06,16:29,4103
109,Collinsons,1,2202-04-06,16:29,4106
106,Collinsons,10,2202-04-06,16:29,4182
117,Collinsons,9,2202-04-06,16:29,4141
114,Collinsons,6,2202-04-06,16:30,4072
119,Collinsons,11,2202-04-06,16:30,4032
107,Collinsons,11,2202-04-06,16:31,4048
118,Collinsons,10,2202-04-06,16:33,4101
108,Collinsons,0,2202-04-06,16:33,4150
103,Collinsons,7,2202-04-06,16:33,4051
125,Trinity,5,2202-04-06,16:33,4244
130,Trinity,10,2202-04-06,16:34,4245
115,Collinsons,7,2202-04-06,16:35,4128
119,Collinsons,11,2202-04-06,16:36,4107
125,Trinity,5,2202-04-06,16:36,4185
129,Trinity,9,2202-04-06,16:36,4187
107,Collinsons,11,2202-04-06,16:38,4169
129,Trinity,9,2202-04-06,16:40,4242
104,Collinsons,8,2202-04-06,16:41,4185
122,Trinity,2,2202-04-06,16:42,4189
111,Collinsons,3,2202-04-06,16:43,4017
103,Collinsons,7,2202-04-06,16:45,4121
102,Collinsons,6,2202-04-06,16:46,4095
116,Collinsons,8,2202-04-06,16:46,4042
127,Trinity,7,2202-04-06,16:46,4244
121,Trinity,1,2202-04-06,16:46,4229
107,Collinsons,11,2202-04-06,16:48,4115
128,Trinity,8,2202-04-06,16:48,4247
124,Trinity,4,2202-04-06,16:48,4229
125,Trinity,5,2202-04-06,16:48,4215
129,Trinity,9,2202-04-06,16:48,4208
113,Collinsons,5,2202-04-06,16:49,4064
122,Trinity,2,2202-04-06,16:52,4212
127,Trinity,7,2202-04-06,16:56,4207
124,Trinity,4,2202-04-06,16:58,4237
123,Trinity,3,2202-04-06,16:58,4202
125,Trinity,5,2202-04-06,17:02,4204
129,Trinity,9,2202-04-06,17:03,4243
129,Trinity,9,2202-04-06,17:03,4235
