EmployeeID,Title,FirstName,Surname,ManagerEmployeeID,StartDate,Salary
3301,Mr,James,Butt,24400,1988-01-06,80116
3325,Mrs,Josephine,Darakjy,6045,1988-03-20,78116
3382,Mr,Art,Venere,13193,1988-06-12,48014
3387,Mr,Lenna,Paprocki,19863,1988-10-09,119501
3401,Mrs,Donette,Foller,32706,1988-12-04,75011
3444,Miss,Simona,Morasca,22179,1989-03-26,74805
3471,Mrs,Mitsue,Tollner,11889,1989-07-10,70632
3478,Dr,Leota,Dilliard,31139,1989-10-06,105111
3495,Miss,Sage,Wieser,34822,1989-12-02,77105
3530,Mr,Kris,Marrier,26479,1990-02-28,41224
3590,Mr,Minna,Amigon,32956,1990-04-01,59443
3611,Mr,Abel,Maclead,6292,1990-06-14,51953
3660,Mr,Kiley,Caldarera,18377,1990-06-29,90034
3688,Miss,Graciela,Ruta,6159,1990-10-10,74023
3724,Mrs,Cammy,Albares,7505,1990-11-27,88045
3751,Mr,Mattie,Poquette,22816,1991-03-15,85013
3806,Mrs,Meaghan,Garufi,31278,1991-05-31,57110
3858,Mx,Gladys,Rim,19831,1991-08-14,73207
3862,Miss,Yuki,Whobrey,25516,1991-09-21,78180
3891,Mr,Fletcher,Flosi,34667,1991-11-29,71109
3941,Mrs,Bette,Nicka,6598,1992-01-07,59014
3960,Miss,Veronika,Inouye,10005,1992-02-09,95111
3981,Mr,Willard,Kolmetz,13878,1992-03-10,85062
4012,Dr,Maryann,Royster,7984,1992-03-24,52204
4024,Miss,Alisha,Slusarski,23188,1992-07-07,48846
4039,Mr,Allene,Iturbide,19831,1992-09-07,74481
4099,Miss,Chanel,Caudy,31524,1992-10-26,76218
4159,Mrs,Ezekiel,Chui,29044,1992-12-23,41601
4208,Mrs,Willow,Kusko,6159,1992-12-23,50011
4209,Mr,Bernardo,Figeroa,13648,1993-03-19,87301
4268,Mr,Ammie,Corrio,17207,1993-04-15,73215
4290,Prof,Francine,Vocelka,18139,1993-05-12,88011
4324,Mr,Ernie,Stenseth,25547,1993-05-22,47660
4386,Mrs,Albina,Glick,32706,1993-08-16,48812
4406,Dr,Alishia,Sergi,4560,1993-10-25,50025
4448,Mr,Solange,Shinko,28398,1993-12-07,80002
4477,Mr,Jose,Stockham,7671,1993-12-17,50011
4496,Prof,Rozella,Ostrosky,8547,1994-02-22,103012
4524,Mrs,Valentine,Gillian,4496,1994-04-23,88204
4560,Mx,Kati,Rulapaugh,4788,1994-07-23,77410
4568,Dr,Youlanda,Schemmer,24684,1994-09-12,97754
4593,Mr,Dyan,Oldroyd,3471,1994-11-15,76204
4643,Mrs,Roxane,Campain,28854,1994-11-21,99708
4662,Prof,Lavera,Perin,11239,1995-02-01,53196
4706,Mr,Erick,Ferencz,19863,1995-05-06,99712
4766,Mrs,Fatima,Saylors,14394,1995-05-26,75343
4788,Mrs,Jina,Briddick,10464,1995-08-27,42128
4801,Mr,Kanisha,Waycott,28505,1995-10-26,100006
4829,Mr,Emerson,Bowley,14224,1995-12-06,73711
4882,Mr,Blair,Malet,22880,1995-12-30,59132
4946,Mr,Brock,Bolognia,34501,1996-02-24,50003
5007,Dr,Lorrie,Nestle,25407,1996-05-07,57388
5038,Mr,Sabra,Uyetake,19883,1996-07-29,49201
5092,Mrs,Marjory,Mastella,31740,1996-09-06,59087
5138,Mr,Karl,Klonowski,21480,1996-09-29,48822
5163,Dr,Tonette,Wenner,31103,1996-10-15,51590
5223,Mx,Amber,Monarrez,9907,1996-12-19,59046
5272,Mr,Shenika,Seewald,30603,1997-01-10,121405
5312,Mrs,Delmy,Ahle,8697,1997-01-23,42909
5374,Mr,Deeanna,Juhas,18208,1997-02-02,59006
5378,Mrs,Blondell,Pugh,15008,1997-03-30,42904
5438,Mr,Jamal,Vanausdal,16836,1997-06-09,48831
5440,Mrs,Cecily,Hollack,3941,1997-08-22,88731
5468,Mrs,Carmelina,Lindall,19874,1997-09-26,80126
5494,Miss,Maurine,Yglesias,9290,1997-10-04,73214
5535,Prof,Tawna,Buvens,18671,1997-10-15,50009
5589,Prof,Penney,Weight,33202,1997-12-15,119515
5629,Mr,Elly,Morocco,10179,1998-02-15,56502
5645,Dr,Ilene,Eroman,8456,1998-05-01,41061
5669,Mr,Vallie,Mondella,11714,1998-05-10,83707
5717,Mr,Kallie,Blackwood,22880,1998-07-19,114104
5731,Mr,Johnetta,Abdallah,11632,1998-08-14,47514
5780,Dr,Bobbye,Rhym,9626,1998-09-26,104070
5839,Miss,Micaela,Rhymes,11483,1998-12-07,94520
5887,Mr,Tamar,Hoogland,33628,1999-02-19,73140
5931,Mx,Moon,Parlato,31278,1999-05-07,54895
5943,Prof,Laurel,Reitler,27926,1999-06-28,41215
5964,Miss,Delisa,Crupi,14585,1999-07-26,47105
6020,Dr,Viva,Toelkes,25364,1999-10-12,70647
6045,Miss,Elza,Lipke,14933,1999-11-19,47104
6104,Prof,Devorah,Chickering,32825,2000-01-26,88101
6153,Mr,Timothy,Mulqueen,32771,2000-03-02,50309
6159,Mr,Arlette,Honeywell,4477,2000-03-13,52254
6173,Prof,Dominque,Dickerson,33132,2000-04-09,94545
6235,Prof,Lettie,Isenhower,17815,2000-06-14,74122
6292,Mrs,Myra,Munns,11632,2000-08-27,86040
6335,Prof,Stephaine,Barfield,23531,2000-10-16,100247
6366,Mrs,Lai,Gato,31030,2000-10-25,70201
6429,Mr,Stephen,Emigh,25407,2000-11-17,74302
6460,Miss,Tyra,Shields,15661,2000-11-26,59106
6497,Mr,Tammara,Wardrip,13940,2000-11-27,104010
6545,Mr,Cory,Gibes,9110,2001-01-09,101776
6598,Miss,Danica,Bruschke,5535,2001-01-17,86708
6632,Mrs,Wilda,Giguere,11239,2001-03-10,109501
6678,Miss,Elvera,Benimadho,3471,2001-03-22,95110
6729,Mr,Carma,Vanheusen,15379,2001-05-28,94577
6750,Mx,Malinda,Hochard,16207,2001-07-10,76202
6809,Mrs,Natalie,Fern,12969,2001-09-03,82901
6861,Dr,Lisha,Centini,16207,2001-11-06,42102
6878,Mrs,Arlene,Klusman,14837,2001-11-26,80112
6913,Miss,Alease,Buemi,7470,2002-01-19,80303
6970,Mrs,Louisa,Cronauer,6292,2002-03-08,94577
7015,Miss,Angella,Cetta,28592,2002-05-20,96817
7045,Mr,Cyndy,Goldammer,18139,2002-05-30,75337
7056,Mr,Rosio,Cork,22516,2002-05-30,47263
7079,Miss,Celeste,Korando,15661,2002-08-03,51563
7110,Mrs,Twana,Felger,23115,2002-09-30,107224
7169,Mrs,Estrella,Samu,27126,2002-10-15,73511
7212,Mr,Donte,Kines,30132,2002-11-01,41602
7242,Mrs,Tiffiny,Steffensmeier,10179,2002-11-28,53133
7264,Mr,Edna,Miceli,8320,2002-12-05,56502
7307,Mrs,Sue,Kownacki,27376,2003-01-19,85149
7365,Mr,Jesusa,Shin,32666,2003-02-27,57388
7392,Miss,Rolland,Francescon,34900,2003-05-08,47501
7450,Mrs,Pamella,Schmierer,3960,2003-07-07,53030
7470,Mr,Glory,Kulzer,5669,2003-09-08,41117
7505,Mrs,Shawna,Palaspas,17311,2003-10-06,101362
7539,Mr,Brandon,Callaro,17365,2003-10-16,96819
7581,Mrs,Scarlet,Cartan,20717,2003-11-08,51701
7588,Mrs,Oretha,Menter,4496,2003-11-30,42210
7622,Mr,Ty,Smith,6292,2004-01-10,47601
7671,Mr,Xuan,Rochin,13193,2004-02-15,94403
7678,Mr,Lindsey,Dilello,4788,2004-02-21,111761
7718,Dr,Devora,Perez,20422,2004-04-05,94606
7757,Mr,Herman,Demesa,11483,2004-05-08,52180
7819,Mr,Rory,Papasergi,27126,2004-06-16,58411
7848,Miss,Talia,Riopelle,23663,2004-06-19,47050
7904,Mr,Van,Shire,34643,2004-07-04,48867
7940,Mrs,Lucina,Lary,23740,2004-07-26,52922
7963,Mrs,Bok,Isaacs,5731,2004-09-26,50468
7984,Mrs,Rolande,Spickerman,12042,2004-10-19,96782
8014,Mr,Howard,Paulas,31278,2004-12-12,80231
8039,Mrs,Kimbery,Madarang,22516,2004-12-29,47866
8077,Miss,Thurman,Manno,3724,2005-02-16,48201
8092,Miss,Becky,Mirafuentes,13878,2005-02-21,47062
8136,Dr,Beatriz,Corrington,34709,2005-03-24,42346
8177,Mr,Marti,Maybury,10464,2005-04-02,70638
8229,Mrs,Nieves,Gotter,3941,2005-05-25,107202
8285,Dr,Leatha,Hagele,9290,2005-07-04,85227
8313,Mr,Valentin,Klimek,31731,2005-08-28,70604
8320,Mr,Melissa,Wiklund,12835,2005-10-16,75840
8341,Miss,Sheridan,Zane,14837,2005-10-27,92501
8359,Mx,Bulah,Padilla,26196,2005-11-22,86707
8406,Mrs,Audra,Kohnert,29246,2006-01-05,57211
8410,Mr,Daren,Weirather,24056,2006-01-26,73216
8428,Mrs,Fernanda,Jillson,14933,2006-03-09,41655
8456,Mr,Gearldine,Gellinger,11291,2006-05-03,85061
8510,Mr,Chau,Kitzman,23188,2006-06-03,90212
8518,Mr,Theola,Frey,23531,2006-07-13,51758
8531,Miss,Cheryl,Haroldson,34916,2006-08-09,48401
8547,Mr,Laticia,Merced,16050,2006-08-12,75203
8602,Prof,Carissa,Batman,7984,2006-09-02,97401
8655,Miss,Lezlie,Craghead,30298,2006-10-02,47577
8697,Mr,Ozell,Shealy,3611,2006-11-22,50002
8750,Miss,Arminda,Parvis,22880,2006-12-10,85017
8781,Prof,Reita,Leto,22880,2007-01-29,76240
8803,Mr,Yolando,Luczki,34194,2007-03-26,53214
8833,Mrs,Lizette,Stem,4406,2007-04-26,48002
8895,Mrs,Gregoria,Pawlowicz,4662,2007-06-13,51530
8938,Mrs,Carin,Deleo,7264,2007-06-17,82202
8978,Mrs,Chantell,Maynerich,10554,2007-06-20,75101
9003,Dr,Dierdre,Yum,17815,2007-08-10,59134
9048,Miss,Larae,Gudroe,28592,2007-08-19,80360
9110,Mrs,Latrice,Tolfree,6292,2007-10-11,51779
9115,Dr,Kerry,Theodorov,10722,2007-11-17,95827
9172,Dr,Dorthy,Hidvegi,17815,2007-11-17,83704
9232,Mrs,Fannie,Lungren,22516,2007-11-21,88664
9258,Mrs,Evangelina,Radde,17311,2007-12-29,59123
9290,Miss,Novella,Degroot,14659,2008-01-17,96720
9306,Mr,Clay,Hoa,34709,2008-03-02,89502
9338,Mr,Jennifer,Fallick,25539,2008-03-02,70090
9340,Mr,Irma,Wolfgramm,14112,2008-03-19,47869
9351,Mrs,,Coody,10860,2008-04-21,49301
9396,Mr,Sylvia,Cousey,25407,2008-05-02,41074
9428,Prof,Nana,Wrinkles,32661,2008-05-16,50553
9443,Mrs,Layla,Springe,12835,2008-06-21,50011
9496,Mr,Joesph,Degonia,20717,2008-07-31,94710
9560,Mr,Annabelle,Boord,9626,2008-09-05,41742
9590,Prof,Stephaine,Vinning,25943,2008-09-09,94104
9626,Mrs,Nelida,Sawchuk,5535,2008-09-14,47652
9683,Miss,Marguerita,Hiatt,19883,2008-10-28,104561
9696,Miss,Carmela,Cookey,30412,2008-11-20,70623
9708,Mr,Junita,Brideau,28398,2008-12-01,47009
9716,Prof,Claribel,Varriano,9813,2009-01-09,73551
9739,Mrs,Benton,Skursky,34061,2009-02-06,110248
9784,Mrs,Hillary,Skulski,12247,2009-02-21,54448
9793,Miss,Merilyn,Bayless,19763,2009-04-09,95054
9798,Miss,Teri,Ennaco,28800,2009-04-29,58201
9813,Mx,Merlyn,Lawler,9907,2009-04-29,47304
9871,Miss,Georgene,Montezuma,23032,2009-06-13,124583
9889,Miss,Jettie,Mconnell,29072,2009-06-13,48807
9907,Mr,Lemuel,Latzke,23032,2009-06-25,51716
9941,Mrs,Melodie,Knipp,34709,2009-08-03,131362
10005,Mrs,Candida,Corbley,12835,2009-09-14,48876
10009,Mrs,Karan,Karpin,16050,2009-09-16,97005
10041,Mr,Andra,Scheyer,10588,2009-10-30,97302
10089,Mr,Felicidad,Poullion,12969,2009-12-05,48077
10128,Miss,Belen,Strassner,29363,2010-01-19,50135
10156,Mrs,Gracia,Melnyk,34643,2010-03-03,52216
10179,Mrs,Jolanda,Hanafan,18961,2010-03-04,44401
10230,Mrs,Barrett,Toyama,23605,2010-03-14,86060
10289,Prof,Helga,Fredicks,18553,2010-04-11,54228
10290,Miss,Ashlyn,Pinilla,30603,2010-05-23,53054
10312,Mx,Fausto,Agramonte,32190,2010-05-27,50038
10316,Mr,Ronny,Caiafa,7264,2010-07-04,59103
10380,Mrs,Marge,Limmel,3471,2010-07-17,52536
10416,Miss,Norah,Waymire,4788,2010-08-08,94107
10455,Miss,Aliza,Baltimore,11239,2010-09-04,95132
10464,Mrs,Mozell,Pelkowski,11714,2010-10-11,94080
10491,Mrs,Viola,Bitsuie,15008,2010-10-11,111325
10502,Mr,Franklyn,Emard,10691,2010-11-11,59103
10512,Mrs,Willodean,Konopacki,27056,2010-11-28,80506
10554,Mr,Beckie,Silvestrini,11443,2010-12-06,78126
10588,Mrs,Rebecka,Gesick,12846,2010-12-06,88754
10594,Dr,Frederica,Blunk,5731,2010-12-22,85207
10649,Mr,Glen,Bartolet,19611,2011-01-01,98070
10666,Mr,Freeman,Gochal,20195,2011-01-10,59320
10691,Mr,Vincent,Meinerding,11239,2011-02-03,59143
10701,Miss,Rima,Bevelacqua,5223,2011-02-17,90248
10717,Mx,Glendora,Sarbacher,23531,2011-03-19,114928
10722,Mr,Avery,Steier,7470,2011-04-26,52803
10729,Prof,Cristy,Lother,20126,2011-05-10,92025
10755,Dr,Nicolette,Brossart,9258,2011-06-04,41581
10756,Miss,Tracey,Modzelewski,29726,2011-06-17,87301
10816,Miss,Virgina,Tegarden,4477,2011-07-07,73226
10846,Mrs,Tiera,Frankel,7264,2011-07-28,91731
10860,Miss,Alaine,Bergesen,16772,2011-08-30,50701
10910,Mrs,Earleen,Mai,23115,2011-09-14,85227
10957,Mr,Leonida,Gobern,23740,2011-10-16,59530
10984,Miss,Ressie,Auffrey,4268,2011-10-20,53134
11019,Mr,Justine,Mugnolo,25943,2011-11-23,50048
11020,Mr,Eladia,Saulter,10179,2011-12-10,47446
11065,Mr,Chaya,Malvin,29072,2011-12-14,78103
11074,Mrs,Gwenn,Suffield,25271,2012-01-15,51729
11098,Miss,Salena,Karpel,20126,2012-01-29,74707
11110,Mx,Yoko,Fishburne,9003,2012-03-07,46511
11139,Mr,Taryn,Moyd,13432,2012-03-09,42030
11188,Miss,Katina,Polidori,12596,2012-04-08,41887
11239,Mr,Rickie,Plumer,9716,2012-05-09,73613
11291,Mr,Alex,Loader,13940,2012-06-06,108409
11327,Mr,Lashon,Vizarro,16772,2012-06-29,105661
11367,Mrs,Lauran,Burnard,19874,2012-07-20,82501
11422,Mr,Ceola,Setter,32666,2012-07-30,44864
11437,Mrs,My,Rantanen,21561,2012-08-20,58954
11443,Mx,Lorrine,Worlds,9626,2012-08-25,53614
11483,Mr,Peggie,Sturiale,9258,2012-08-28,92020
11518,Dr,Marvel,Raymo,21537,2012-09-29,87840
11538,Mr,Daron,Dinos,26310,2012-10-04,70035
11573,Mrs,An,Fritz,27056,2012-10-22,48401
11586,Dr,Portia,Stimmel,20195,2012-10-26,48807
11608,Mrs,Rhea,Aredondo,20354,2012-11-10,51226
11632,Mr,Benedict,Sama,13193,2012-12-13,73104
11683,Mrs,Alyce,Arias,33043,2012-12-15,115207
11711,Miss,Heike,Berganza,6878,2012-12-27,47424
11714,Mrs,Carey,Dopico,9907,2013-01-24,76220
11749,Mrs,Dottie,Hellickson,16399,2013-02-19,128133
11800,Dr,Deandrea,Hughey,31278,2013-03-08,47215
11810,Mrs,Kimberlie,Duenas,23605,2013-03-20,77601
11826,Mrs,Martina,Staback,17365,2013-03-28,52822
11857,Mr,Skye,Fillingim,12398,2013-04-26,75401
11889,Mrs,Jade,Farrar,9813,2013-04-30,49201
11897,Mx,Charlene,Hamilton,31030,2013-05-27,115407
11944,Mr,Geoffrey,Acey,12247,2013-06-13,70067
11978,Mr,Stevie,Westerbeck,10816,2013-06-18,92626
12015,Mrs,Pamella,Fortino,19874,2013-06-28,80212
12042,Mr,Harrison,Haufler,5731,2013-07-15,46515
12088,Mrs,Johnna,Engelberg,9172,2013-08-10,98021
12138,Mr,Buddy,Cloney,18208,2013-08-29,74136
12183,Miss,Dalene,Riden,32706,2013-09-03,43865
12197,Mr,Jerry,Zurcher,13090,2013-10-05,52937
12247,Mr,Haydee,Denooyer,10464,2013-10-18,50016
12301,Mr,Joseph,Cryer,6878,2013-10-31,102647
12346,Mrs,Deonna,Kippley,28398,2013-11-23,78075
12354,Mr,Raymon,Calvaresi,9110,2013-12-22,76222
12361,Mr,Alecia,Bubash,8895,2014-01-14,86301
12376,Mr,Ma,Layous,18553,2014-01-28,46473
12398,Miss,Detra,Coyier,3941,2014-01-31,41001
12409,Mr,Terrilyn,Rodeigues,16674,2014-02-20,80130
12452,Miss,Salome,Lacovara,9115,2014-03-15,43219
12492,Mr,Garry,Keetch,26479,2014-04-04,58966
12508,Mr,Matthew,Neither,4496,2014-04-29,75379
12531,Miss,Theodora,Restrepo,20354,2014-05-25,53136
12561,Mr,Noah,Kalafatis,31857,2014-06-05,73209
12573,Miss,Carmen,Sweigard,6750,2014-07-02,48873
12596,Mrs,Lavonda,Hengel,10594,2014-07-10,78102
12650,Mr,Junita,Stoltzman,4560,2014-07-10,89701
12710,Mx,Herminia,Nicolozakes,19831,2014-07-30,85254
12766,Mrs,Casie,Good,25539,2014-08-08,57211
12819,Mr,Reena,Maisto,33527,2014-08-24,41801
12828,Miss,Mirta,Mallett,7963,2014-09-17,50004
12835,Mrs,Cathrine,Pontoriero,5535,2014-09-17,89109
12846,Mx,Filiberto,Tawil,17311,2014-10-07,100016
12868,Mr,Raul,Upthegrove,27126,2014-10-14,91942
12889,Mr,Sarah,Candlish,32718,2014-11-11,50328
12931,Mrs,Lucy,Treston,27056,2014-12-07,41602
12958,Dr,Judy,Aquas,22816,2014-12-27,79120
12969,Mrs,Yvonne,Tjepkema,15729,2015-01-05,47004
13003,Mrs,Kayleigh,Lace,30412,2015-01-16,80508
13027,Mr,Felix,Hirpara,19015,2015-01-18,57517
13090,Mrs,Tresa,Sweely,4560,2015-02-13,73088
13130,Miss,Kristeen,Turinetti,12650,2015-02-23,86013
13175,Miss,Jenelle,Regusters,22700,2015-03-22,53619
13193,Mr,Renea,Monterrubio,9907,2015-03-28,50328
13248,Mx,Olive,Matuszak,30367,2015-04-19,122234
13272,Dr,Ligia,Reiber,9560,2015-04-27,78933
13336,Mrs,Christiane,Eschberger,20195,2015-04-30,85034
13372,Miss,Goldie,Schirpke,6861,2015-05-07,44401
13420,Mx,Loreta,Timenez,10502,2015-05-31,40735
13432,Mx,Fabiola,Hauenstein,12846,2015-06-18,57404
13447,Mrs,Amie,Perigo,10179,2015-06-24,85150
13501,Mrs,Raina,Brachle,33628,2015-07-11,79701
13559,Dr,Erinn,Canlas,29072,2015-07-28,47039
13585,Mr,Cherry,Lietz,20126,2015-08-11,78329
13648,Miss,Kattie,Vonasek,18704,2015-08-29,74103
13661,Miss,Lilli,Scriven,11443,2015-09-05,89601
13695,Mrs,Whitley,Tomasulo,25539,2015-09-19,86107
13724,Mrs,Barbra,Adkin,3960,2015-10-10,51230
13736,Dr,Hermila,Thyberg,31731,2015-10-26,42903
13775,Miss,Jesusita,Flister,4208,2015-11-19,57601
13827,Miss,Caitlin,Julia,15379,2015-11-22,42919
13865,Mx,Roosevelt,Hoffis,10179,2015-12-13,53014
13878,Mr,Helaine,Halter,4560,2015-12-17,47304
13930,Mrs,Lorean,Martabano,7264,2015-12-18,88204
13940,Mrs,France,Buzick,13193,2015-12-18,51219
14002,Mr,Justine,Ferrario,30412,2015-12-18,111768
14036,Mrs,Adelina,Nabours,29246,2015-12-25,74103
14076,Mrs,Derick,Dhamer,14224,2016-01-09,50013
14088,Mr,Jerry,Dallen,3724,2016-01-24,43219
14112,Dr,Leota,Ragel,10816,2016-02-15,50753
14149,Miss,Jutta,Amyot,15601,2016-03-02,80518
14173,Mrs,Aja,Gehrett,19863,2016-03-19,47110
14196,Mr,Kirk,Herritt,14224,2016-04-08,53850
14224,Miss,Leonora,Mauson,10380,2016-04-10,47055
14237,Mrs,Winfred,Brucato,15661,2016-04-19,83843
14288,Mr,Tarra,Nachor,25516,2016-05-05,104104
14305,Miss,Corinne,Loder,9115,2016-05-20,42760
14326,Mr,Dulce,Labreche,17095,2016-05-22,78307
14381,Mrs,Kate,Keneipp,34822,2016-05-23,74301
14394,Dr,Kaitlyn,Ogg,7622,2016-06-02,41230
14423,Miss,Sherita,Saras,31857,2016-06-24,80937
14424,Mx,Lashawnda,Stuer,18208,2016-07-11,73607
14487,Mr,Ernest,Syrop,34900,2016-07-25,40785
14517,Mr,Nobuko,Halsey,22516,2016-08-07,42745
14520,Mr,Lavonna,Wolny,12596,2016-08-20,42102
14540,Mr,Lashaunda,Lizama,8320,2016-09-06,41076
14585,Mr,Mariann,Bilden,6678,2016-09-09,88753
14595,Mr,Helene,Rodenberger,33196,2016-09-20,85381
14659,Mrs,Roselle,Estell,6598,2016-10-02,74820
14702,Mr,Samira,Heintzman,3724,2016-10-12,98032
14749,Dr,Margart,Meisel,20422,2016-10-18,75251
14776,Mr,Kristofer,Bennick,7264,2016-11-08,77404
14778,Mr,Weldon,Acuff,9003,2016-11-21,70004
14821,Miss,Shalon,Shadrick,34709,2016-11-24,51223
14837,Prof,Denise,Patak,16050,2016-11-28,52801
14890,Mr,Louvenia,Beech,24830,2016-12-09,90210
14910,Miss,Audry,Yaw,6678,2016-12-23,53511
14921,Miss,Kristel,Ehmann,13940,2016-12-27,89925
14923,Mr,Vincenza,Zepp,25539,2017-01-05,102020
14933,Miss,Elouise,Gwalthney,5731,2017-01-11,40710
14990,Mrs,Venita,Maillard,25209,2017-01-30,92801
15008,Mrs,Kasandra,Semidey,9443,2017-02-03,73102
15058,Mrs,Xochitl,Discipio,25042,2017-02-03,88664
15100,Miss,Maile,Linahan,24830,2017-02-06,47409
15135,Miss,Krissy,Rauser,17066,2017-02-11,51727
15195,Mr,Pete,Dubaldi,19611,2017-02-24,47071
15243,Mr,Linn,Paa,16674,2017-03-09,58112
15274,Mx,Paris,Wide,17311,2017-03-16,50342
15316,Mr,Wynell,Dorshorst,23127,2017-03-23,94044
15379,Mr,Quentin,Birkner,10691,2017-04-07,75337
15436,Mrs,Regenia,Kannady,29246,2017-04-21,85260
15465,Dr,Sheron,Louissant,31278,2017-05-09,51101
15485,Mrs,Izetta,Funnell,27056,2017-05-10,50340
15523,Mr,Rodolfo,Butzen,25271,2017-05-23,75057
15524,Mrs,Zona,Colla,19863,2017-05-30,46854
15527,Dr,Serina,Zagen,12596,2017-06-12,76802
15565,Mr,Paz,Sahagun,34501,2017-06-15,59307
15601,Dr,Markus,Lukasik,17815,2017-07-01,78310
15605,Dr,Jaclyn,Bachman,14540,2017-07-18,80919
15661,Mr,Cyril,Daufeldt,5223,2017-07-23,50013
15671,Mrs,Gayla,Schnitzler,23740,2017-08-10,114545
15709,Mr,Erick,Nievas,27419,2017-08-28,70624
15729,Mx,Jennie,Drymon,14921,2017-08-31,58509
15773,Mrs,Mitsue,Scipione,10755,2017-09-14,95965
15817,Mr,Ciara,Ventura,7984,2017-09-20,52771
15880,Mr,Galen,Cantres,8341,2017-10-02,74142
15937,Mr,Truman,Feichtner,17311,2017-10-19,47003
15986,Miss,Gail,Kitty,23740,2017-10-21,99501
16040,Miss,Dalene,Schoeneck,33043,2017-10-26,59102
16050,Mrs,Gertude,Witten,11889,2017-11-12,75217
16092,Mrs,Lizbeth,Kohl,27126,2017-11-18,100248
16156,Mr,Glenn,Berray,7984,2017-12-05,70315
16168,Mr,Lashandra,Klang,30132,2017-12-09,59406
16207,Mr,Lenna,Newville,5731,2017-12-14,47601
16259,Prof,Laurel,Pagliuca,32718,2017-12-17,99352
16277,Mr,Mireya,Frerking,33196,2017-12-23,50803
16304,Dr,Annelle,Tagala,11483,2017-12-26,41234
16339,Mr,Dean,Ketelsen,30732,2017-12-27,51801
16360,Mr,Levi,Munis,10816,2018-01-10,41603
16373,Dr,Sylvie,Ryser,31731,2018-01-23,84105
16399,Mrs,Sharee,Maile,14837,2018-01-25,79442
16429,Miss,Cordelia,Storment,25516,2018-02-09,80506
16481,Miss,Mollie,Mcdoniel,6497,2018-02-09,73402
16490,Mrs,Brett,Mccullan,8895,2018-02-22,91942
16532,Mr,Teddy,Pedrozo,11483,2018-02-24,46610
16543,Mr,Tasia,Andreason,32718,2018-03-05,47032
16547,Mr,Hubert,Walthall,29726,2018-03-11,74203
16551,Mr,Arthur,Farrow,25547,2018-03-18,47631
16560,Mrs,Vilma,Berlanga,25106,2018-03-26,79546
16613,Mr,Billye,Miro,17066,2018-04-06,59208
16674,Mr,Glenna,Slayton,14659,2018-04-16,58118
16689,Mrs,Mitzie,Hudnall,14394,2018-04-19,80110
16720,Miss,Bernardine,Rodefer,11239,2018-04-24,58112
16735,Mr,Staci,Schmaltz,25547,2018-05-09,91106
16750,Mx,Nichelle,Meteer,6878,2018-05-14,70657
16772,Miss,Janine,Rhoden,14921,2018-05-15,51103
16808,Dr,Ettie,Hoopengardner,12828,2018-05-20,99352
16811,Mr,Eden,Jayson,5438,2018-06-01,41202
16836,Mr,Lynelle,Auber,11239,2018-06-16,47104
16880,Mx,Merissa,Tomblin,30939,2018-06-26,90706
16935,Mx,Golda,Kaniecki,14540,2018-07-08,48755
16966,Mx,Catarina,Gleich,6678,2018-07-08,47834
17014,Dr,Virgie,Kiel,19831,2018-07-11,80216
17066,Mrs,Jolene,Ostolaza,6632,2018-07-20,43608
17083,Mr,Keneth,Borgman,6545,2018-07-20,85012
17095,Miss,Rikki,Nayar,4593,2018-07-31,53155
17139,Miss,Elke,Sengbusch,14112,2018-08-04,85013
17182,Mrs,Hoa,Sarao,3471,2018-08-08,52759
17207,Mr,Trinidad,Mcrae,8177,2018-08-17,94105
17212,Miss,Mari,Lueckenbach,23188,2018-08-21,92110
17220,Mrs,Selma,Husser,12247,2018-08-30,47306
17233,Mx,Antione,Onofrio,24056,2018-09-10,92410
17254,Mx,Luisa,Jurney,6292,2018-09-15,42138
17311,Mx,Clorinda,Heimann,3382,2018-09-28,92025
17364,Mr,Dick,Wenzinger,34061,2018-09-30,100248
17365,Mr,Ahmed,Angalich,18534,2018-10-02,57110
17407,Mr,Iluminada,Ohms,34916,2018-10-15,85204
17412,Mr,Joanna,Leinenbach,25755,2018-10-20,53461
17440,Mrs,Caprice,Suell,26196,2018-10-31,57211
17496,Mr,Stephane,Myricks,17766,2018-11-13,71005
17510,Mr,Quentin,Swayze,7678,2018-11-26,78160
17520,Prof,Annmarie,Castros,9115,2018-12-02,87301
17581,Mrs,Shonda,Greenbush,6861,2018-12-14,47011
17609,Mr,Cecil,Lapage,25407,2018-12-27,47087
17655,Miss,Jeanice,Claucherty,16674,2018-12-31,53142
17711,Mrs,Josphine,Villanueva,12247,2019-01-03,58575
17716,Mr,Daniel,Perruzza,23531,2019-01-09,92705
17721,Dr,Cassi,Wildfong,29044,2019-01-11,70008
17753,Miss,Britt,Galam,22880,2019-01-12,59440
17760,Mr,Adell,Lipkin,9003,2019-01-16,47981
17766,Miss,Jacqueline,Rowling,7622,2019-01-20,56501
17803,Mr,Lonny,Weglarz,10502,2019-01-30,84115
17815,Mrs,Lonna,Diestel,6497,2019-02-11,48301
17864,Mr,Cristal,Samara,23740,2019-02-13,90021
17897,Mr,Kenneth,Grenet,8341,2019-02-17,78823
17929,Mr,Elli,Mclaird,8341,2019-02-18,53501
17956,Prof,Alline,Jeanty,33527,2019-03-01,76601
17985,Miss,Sharika,Eanes,34667,2019-03-06,52806
17991,Mx,Nu,Mcnease,14910,2019-03-06,47029
18045,Mrs,Daniela,Comnick,30939,2019-03-11,48611
18057,Mrs,Cecilia,Colaizzo,18377,2019-03-13,73717
18091,Mr,Leslie,Threets,12969,2019-03-17,50536
18109,Miss,Nan,Koppinger,6878,2019-03-25,47401
18136,Mrs,Izetta,Dewar,33202,2019-04-03,41217
18139,Miss,Tegan,Arceo,10009,2019-04-05,48831
18141,Miss,Ruthann,Keener,32956,2019-04-11,88028
18152,Dr,Joni,Breland,20297,2019-04-17,70007
18184,Mrs,Vi,Rentfro,27376,2019-04-24,47728
18192,Mr,Colette,Kardas,19874,2019-04-29,78124
18208,Mr,Malcolm,Tromblay,8547,2019-05-07,42003
18253,Mr,Ryan,Harnos,16399,2019-05-18,85075
18299,Miss,Jess,Chaffins,8428,2019-05-22,50016
18310,Miss,Sharen,Bourbon,23263,2019-05-22,51791
18324,Mr,Nickolas,Juvera,12596,2019-05-22,54429
18347,Mr,Gary,Nunlee,3688,2019-05-24,76040
18362,Mr,Diane,Devreese,20820,2019-06-03,74504
18377,Dr,Roslyn,Chavous,17207,2019-06-08,59211
18440,Mr,Glory,Schieler,5223,2019-06-13,89602
18491,Mr,Rasheeda,Sayaphon,25364,2019-06-20,115070
18534,Miss,Alpha,Palaia,14921,2019-06-21,48003
18537,Mr,Refugia,Jacobos,20664,2019-06-21,94545
18553,Miss,Shawnda,Yori,15937,2019-07-01,52750
18584,Mx,Mona,Delasancha,31230,2019-07-04,82001
18591,Miss,Gilma,Liukko,32956,2019-07-12,51530
18606,Mr,Janey,Gabisi,25451,2019-07-20,73715
18637,Miss,Lili,Paskin,20297,2019-07-28,47032
18671,Miss,Loren,Asar,9907,2019-07-28,58518
18704,Miss,Dorothy,Chesterfield,7079,2019-07-30,122126
18750,Miss,Gail,Similton,27926,2019-08-06,92276
18768,Mr,Catalina,Tillotson,20195,2019-08-07,48402
18825,Mr,Lawrence,Lorens,24830,2019-08-14,42906
18845,Dr,Carlee,Boulter,12835,2019-08-16,77410
18890,Mr,Thaddeus,Ankeny,26310,2019-08-22,95678
18920,Mr,Jovita,Oles,30732,2019-08-26,52114
18961,Mx,Alesia,Hixenbaugh,7079,2019-09-03,40001
19015,Mrs,Lai,Harabedian,16720,2019-09-09,94945
19033,Mrs,Brittni,Gillaspie,33628,2019-09-14,83709
19080,Mrs,Raylene,Kampa,23663,2019-09-19,76514
19115,Dr,Flo,Bookamer,11632,2019-09-27,79301
19148,Miss,Jani,Biddy,16966,2019-10-07,108104
19149,Mrs,Chauncey,Motley,23359,2019-10-11,52804
19203,Mrs,Francoise,Rautenstrauch,20126,2019-10-12,76127
19266,Dr,Kendra,Loud,17510,2019-10-18,70986
19311,Miss,Lourdes,Bauswell,10554,2019-10-25,71580
19345,Mrs,Hannah,Edmison,19883,2019-11-02,44431
19407,Mr,Tom,Loeza,19611,2019-11-08,79770
19414,Mrs,Queenie,Kramarczyk,34709,2019-11-09,48854
19457,Mr,Hui,Portaro,27425,2019-11-17,72244
19483,Mr,Josefa,Opitz,25547,2019-11-18,46188
19512,Mrs,Lea,Steinhaus,34061,2019-11-26,72035
19554,Mr,Paola,Vielma,15601,2019-11-27,72253
19559,Mr,Hortencia,Bresser,31633,2019-12-06,52148
19611,Mrs,Leanna,Tijerina,18845,2019-12-13,48550
19625,Mr,Danilo,Pride,23564,2019-12-14,82640
19671,Mr,Huey,Marcille,25793,2019-12-15,77085
19679,Dr,Apolonia,Warne,7984,2019-12-18,70938
19724,Miss,Chandra,Lagos,4406,2019-12-22,77604
19763,Mx,Crissy,Pacholec,10691,2019-12-29,76272
19811,Mx,Gianna,Branin,22516,2019-12-29,86995
19831,Mr,Valentin,Billa,16207,2019-12-31,58306
19863,Mr,Ilona,Dudash,4560,2020-01-09,80583
19874,Mr,Willard,Lablanc,6913,2020-01-09,84983
19883,Mr,Lauryn,Randol,16207,2020-01-15,85399
19908,Dr,Laurena,Begin,27425,2020-01-17,83090
19937,Mx,Elise,Michelle,24684,2020-01-25,74598
19983,Mx,Corrie,Kardell,3960,2020-01-28,49462
20000,Mr,Kimberely,Rabuse,26996,2020-01-28,58409
20051,Mx,Tish,Violett,8697,2020-02-02,79434
20076,Mr,Hollis,Stanfield,7678,2020-02-10,53921
20126,Mrs,Andree,Christmann,11944,2020-02-15,84549
20157,Mrs,Lyla,Fucillo,6750,2020-02-21,86892
20161,Mr,Felton,Yafuso,10554,2020-02-26,52774
20195,Miss,Dell,Polino,8547,2020-03-05,75045
20235,Miss,Nohemi,Leko,15379,2020-03-05,83724
20297,Miss,Tambra,Lembke,9258,2020-03-05,52554
20354,Mx,Vicki,Maikoksoong,9560,2020-03-05,85215
20392,Mr,Renato,Airhart,28800,2020-03-05,84408
20402,Dr,Lenita,Darbro,14540,2020-03-08,75159
20422,Mr,Barney,Hagen,7678,2020-03-12,70973
20431,Mr,Matthew,Armacost,21537,2020-03-15,82779
20456,Miss,Belen,Nelton,24684,2020-03-19,77870
20497,Mr,Iesha,Wardle,23846,2020-03-25,49144
20546,Mr,Francesco,Sarchet,18139,2020-03-26,79618
20568,Mr,Paulene,Rhule,23115,2020-03-31,73739
20586,Miss,Carole,Hughlett,23663,2020-04-04,76560
20624,Miss,Miss,Dunning,26906,2020-04-09,71889
20656,Prof,Elfrieda,Hinsch,8229,2020-04-16,53597
20664,Mr,Edelmira,Calzado,7622,2020-04-19,77342
20717,Mr,Jaime,Wasurick,17254,2020-04-21,81137
20726,Mrs,Lera,Hua,25516,2020-04-22,81977
20757,Miss,Jame,Mastro,20354,2020-04-30,49311
20820,Miss,Jillian,Hailstone,14837,2020-05-01,44745
20869,Mr,Louis,Zarling,17766,2020-05-07,82279
20883,Mr,Emmett,Mcshaw,14933,2020-05-08,77159
20910,Miss,Tammy,Sams,20076,2020-05-16,85802
20972,Mr,Willis,Wylie,10380,2020-05-21,75323
21021,Mrs,Maxima,Brzozowski,23115,2020-05-22,88787
21064,Mr,Boris,Latif,22700,2020-05-25,70911
21079,Dr,Salina,Knavel,30939,2020-05-26,74881
21120,Miss,Justa,Dini,18208,2020-05-31,75221
21179,Miss,Amalia,Wolfgang,13272,2020-06-03,77798
21238,Mr,Felix,Tutterrow,34643,2020-06-04,76993
21240,Mrs,Eura,Mcglocklin,24400,2020-06-04,73566
21298,Mrs,Lang,Heuring,24830,2020-06-11,77494
21313,Mrs,Agustin,Lakatos,24684,2020-06-13,59562
21359,Mr,Jaime,Lowrance,4406,2020-06-18,70496
21379,Mrs,Carman,Gudiel,15008,2020-06-23,72522
21385,Mx,Argelia,Hofbauer,27056,2020-06-28,79674
21420,Mr,Mammie,Cisney,20195,2020-07-01,75638
21469,Mr,Rashad,Menino,22700,2020-07-06,57033
21480,Mrs,Janna,Bastain,14659,2020-07-10,71049
21516,Mr,Callie,Neikirk,34643,2020-07-17,88492
21537,Prof,Coral,Helmcamp,4593,2020-07-17,74931
21561,Miss,Xenia,Mushero,8547,2020-07-17,86647
21564,Mrs,Adelle,Nitcher,23115,2020-07-21,89137
21591,Dr,Hildegarde,Wehrwein,32718,2020-07-27,59148
21653,Mr,Phuong,Sugai,27126,2020-07-27,74909
21657,Mrs,Leontine,Lafoy,11944,2020-07-29,71656
21700,Mr,Darell,Mcalarney,18553,2020-08-01,88973
21747,Mrs,Madonna,Landman,5645,2020-08-02,71465
21767,Mr,Chuck,Berggren,27056,2020-08-09,47307
21799,Mr,Gregg,Epperheimer,29072,2020-08-14,72937
21814,Mr,Yan,Bubrig,13661,2020-08-17,48689
21867,Mrs,Stephanie,Garlett,14394,2020-08-20,55487
21886,Mr,Alberto,Stenquist,26996,2020-08-21,54302
21935,Mr,Wayne,Shivers,31633,2020-08-21,56979
21967,Miss,Kristal,Bothe,11483,2020-08-21,53265
22014,Mrs,Florencia,Stadel,16966,2020-08-26,78557
22043,Mr,Darrin,Tumolillo,23263,2020-08-31,54189
22103,Mr,Freeman,Rudig,20664,2020-09-01,73547
22123,Mr,Lazaro,Mollison,29044,2020-09-02,79887
22172,Mr,Ellsworth,Rieg,5438,2020-09-07,72985
22179,Prof,Brinda,Mrkvicka,9110,2020-09-09,44693
22226,Miss,Florinda,Mackedanz,14540,2020-09-12,82593
22247,Miss,Nadine,Swartzbeck,5438,2020-09-17,76702
22258,Mr,Arlette,Torchio,14910,2020-09-19,77417
22275,Mr,Adolph,Krivanec,6750,2020-09-22,78162
22311,Mx,Georgiana,Colbath,21657,2020-09-25,75173
22371,Mx,Rana,Lehn,27926,2020-09-25,74027
22395,Mr,Chi,Morgan,4208,2020-09-25,77554
22419,Prof,Starr,Prothro,12969,2020-09-30,45988
22439,Miss,Glennis,Roseum,14394,2020-10-05,74222
22484,Mr,Thea,Petermeier,17066,2020-10-11,71394
22516,Mrs,Rosalind,Persechino,6632,2020-10-13,74147
22577,Mr,Shenika,Tapian,23531,2020-10-19,80257
22635,Mr,Veta,Vandeberg,11483,2020-10-25,71346
22658,Mr,Herschel,Geneseo,6045,2020-10-30,77388
22700,Mr,Dianne,Tomasic,14659,2020-11-01,76281
22753,Mr,Micah,Gerten,18139,2020-11-05,80545
22758,Mrs,Kaycee,Alaibilla,28592,2020-11-11,76264
22790,Dr,Tesha,Brang,23263,2020-11-11,70776
22816,Mr,Marya,Chhour,11944,2020-11-14,75659
22822,Prof,Ronnie,Kettelle,32825,2020-11-16,84443
22880,Mr,Mabel,Fower,17207,2020-11-21,45906
22903,Mr,Harley,Works,23740,2020-11-21,84913
22920,Mrs,Joye,Nedman,10860,2020-11-21,75336
22926,Mx,Luisa,Harnish,28398,2020-11-25,70938
22968,Mx,Stacey,Lortz,30732,2020-11-25,77275
22982,Mr,Reyes,Mesmer,32666,2020-11-28,74020
23007,Mr,Avery,Demus,28398,2020-11-29,71943
23010,Mr,Colby,Scotts,33132,2020-11-29,74915
23032,Mr,Afton,Wrinkle,15937,2020-11-29,77367
23061,Mr,India,Sifford,9290,2020-12-02,81432
23115,Mrs,Brunilda,Coin,18961,2020-12-07,71716
23124,Miss,Jenifer,Emanuel,7264,2020-12-08,86502
23127,Prof,Makeda,Nosis,8320,2020-12-10,71247
23165,Mr,Vivan,Oppy,26196,2020-12-10,81644
23188,Mr,Eric,Gazzola,17182,2020-12-13,71738
23236,Prof,Thersa,Davirro,25271,2020-12-17,82423
23263,Prof,Mindy,Presnal,10009,2020-12-21,55445
23321,Mr,Luis,Metzner,10860,2020-12-21,85811
23340,Miss,Dawne,Mcloud,10502,2020-12-22,79608
23354,Miss,Karrie,Kinikini,28505,2020-12-27,58252
23359,Prof,Mozelle,Hermon,18845,2020-12-27,57022
23364,Mr,Mila,Hair,16360,2021-01-01,83094
23420,Miss,Gilma,Jefferys,33196,2021-01-06,74537
23445,Miss,Armanda,Mcduffie,23127,2021-01-08,70571
23504,Mrs,Vonda,Normandeau,26310,2021-01-13,46346
23531,Mr,Truman,Mondale,9110,2021-01-17,73179
23550,Mr,Elvis,Tenuta,29044,2021-01-21,86353
23564,Miss,Loise,Dedaj,6632,2021-01-22,77015
23605,Mrs,Jannette,Pedder,10816,2021-01-26,86296
23627,Mrs,Margo,Rand,31103,2021-01-30,82235
23648,Dr,Dahlia,Benett,14394,2021-01-31,70289
23663,Mx,Dominga,Mckeon,9110,2021-02-01,55734
23666,Mr,Hollis,Keomuangtai,20883,2021-02-05,82477
23704,Mrs,Carry,Ziller,11327,2021-02-08,56988
23740,Mx,Bong,Fears,3941,2021-02-09,75035
23750,Prof,Yolande,Staiano,19763,2021-02-12,84282
23765,Mrs,Lottie,Hegdahl,14224,2021-02-13,70682
23783,Mr,Jose,Kylish,22516,2021-02-14,73243
23846,Mrs,Tuyet,Abramovitz,7963,2021-02-15,76567
23899,Prof,Pearline,Provenzano,19763,2021-02-18,85747
23951,Miss,Robt,Hankison,16399,2021-02-19,73911
23996,Mr,Shawnee,Kesten,23115,2021-02-21,72123
24056,Mrs,Lacresha,Quinones,10416,2021-02-24,58530
24110,Mr,Basilia,Vinroe,11483,2021-02-26,81296
24140,Dr,Aleisha,Areizaga,21480,2021-02-27,52951
24156,Mr,Frank,Tryninewski,21537,2021-02-28,53998
24194,Mrs,Ria,Steinhorst,12398,2021-03-05,48905
24238,Mrs,Carla,Kallenberger,25407,2021-03-05,74730
24269,Miss,Lashanda,Skahan,30412,2021-03-09,79510
24295,Mr,Jarod,Catalina,9003,2021-03-14,71395
24340,Miss,Leoma,Rabago,15008,2021-03-17,70894
24400,Mr,Yasuko,Greeves,14837,2021-03-17,76741
24409,Mr,Jimmie,Snelling,33196,2021-03-18,86508
24471,Mr,Titus,Dugre,12354,2021-03-21,45447
24534,Miss,Joanne,Teoh,30367,2021-03-23,51077
24555,Prof,Suzi,Groom,32853,2021-03-26,47346
24617,Mrs,Denny,Amazan,34667,2021-03-26,45222
24638,Mr,Willie,Coughlan,27419,2021-03-30,77932
24645,Mrs,Margurite,Brake,29732,2021-03-31,76883
24659,Mx,Arlen,Romack,26479,2021-04-01,73868
24683,Dr,Shaniqua,Corna,22880,2021-04-03,72252
24684,Mr,William,Boccard,17220,2021-04-03,79330
24717,Miss,Silva,Riviere,32956,2021-04-07,83644
24741,Mr,Gearldine,Haberle,8895,2021-04-09,71762
24787,Mx,Azalee,Aja,23188,2021-04-11,71145
24830,Mrs,Kimbery,Plikerd,9258,2021-04-15,70820
24884,Mr,Ricarda,Kratt,33202,2021-04-19,85624
24912,Mr,Macy,Massay,25943,2021-04-20,77014
24963,Miss,Carol,Normington,10816,2021-04-21,52273
24984,Mr,Blythe,Czaplinski,14394,2021-04-23,81241
25042,Miss,Tanesha,Tesseneer,15274,2021-04-24,55985
25047,Dr,Yaeko,Orndoff,17095,2021-04-27,88804
25048,Mrs,Broderick,Lorenz,20422,2021-04-27,74339
25099,Miss,Twila,Shadle,20297,2021-05-01,79928
25106,Miss,Sarina,Pead,9443,2021-05-01,71848
25166,Miss,Candra,Peets,25042,2021-05-05,81308
25209,Prof,Von,Aprigliano,10816,2021-05-08,77722
25217,Miss,Natalya,Verso,26057,2021-05-09,84362
25238,Mr,Stanton,Rigazio,20972,2021-05-13,77878
25271,Mr,Dona,Larner,9258,2021-05-16,51896
25274,Mx,Cortney,Choice,33202,2021-05-17,81747
25327,Dr,Ira,Betterton,20126,2021-05-18,75713
25364,Mx,Vanna,Pickle,14933,2021-05-18,45397
25407,Miss,Bo,Sabota,9443,2021-05-19,83437
25451,Miss,Nathalie,Corners,12846,2021-05-19,89334
25469,Dr,Rodney,Lockamy,11327,2021-05-19,86397
25516,Mr,Elena,Hairr,5780,2021-05-22,53561
25539,Mx,Blossom,Kraatz,9258,2021-05-25,80278
25547,Mr,Loreen,Griepentrog,4662,2021-05-25,81493
25559,Mrs,Tayna,Keirnan,24400,2021-05-26,87926
25612,Mrs,Nieves,Planty,30298,2021-05-28,75162
25640,Mr,Glenn,Robinault,25407,2021-05-31,77686
25692,Prof,Julianna,Racer,9784,2021-05-31,73803
25755,Mrs,Ashton,Nitchals,16720,2021-06-01,83932
25793,Mr,Shaun,Scovil,15937,2021-06-01,82667
25824,Dr,Long,Shintaku,14394,2021-06-02,82107
25854,Mr,Vinnie,Meir,32825,2021-06-04,78725
25896,Mr,Lucia,Flipp,30939,2021-06-06,75923
25901,Mr,Corazon,Ivaska,12969,2021-06-07,47848
25916,Mr,Jaime,Perugini,25943,2021-06-10,71752
25943,Dr,Miriam,Stakes,10380,2021-06-10,77388
25978,Mr,Vallie,Nigl,17365,2021-06-14,83019
26013,Mr,Sheldon,Isachsen,25271,2021-06-16,75474
26055,Dr,Nickie,Balonek,23605,2021-06-16,78372
26057,Mr,Fletcher,Caneles,6970,2021-06-16,73852
26101,Mx,Rutha,Eisert,3960,2021-06-19,86911
26109,Mr,Brandon,Geigel,12596,2021-06-20,77911
26171,Mr,Franchesca,Lamme,6045,2021-06-22,48795
26196,Mrs,Lorriane,Naddeo,16720,2021-06-23,73598
26212,Miss,Asuncion,Berson,28189,2021-06-26,86483
26258,Prof,Georgiann,Hoerter,23663,2021-06-27,44621
26310,Mr,Hershel,Bultron,15274,2021-06-30,58309
26358,Miss,Chu,Collopy,9172,2021-06-30,81378
26418,Mrs,Bettina,Vosmus,32956,2021-06-30,77720
26436,Mr,Lynsey,Sport,28189,2021-06-30,75102
26456,Mr,Phil,Kuechler,25451,2021-07-01,74384
26476,Miss,Cordelia,Nicks,27056,2021-07-01,72788
26479,Miss,Georgeanna,Marrano,10816,2021-07-04,77896
26497,Dr,Rosendo,Lanter,6878,2021-07-04,84476
26543,Mrs,Jerilyn,Norcia,31230,2021-07-07,55113
26602,Mrs,Elfriede,Bakeley,13432,2021-07-08,45935
26664,Mr,Harris,Sheck,9003,2021-07-09,45206
26672,Mr,Leonor,Beilinson,32666,2021-07-10,73631
26679,Mr,Terrilyn,Waska,20717,2021-07-13,49512
26711,Mr,Maddie,Foulds,26996,2021-07-15,74504
26768,Mr,Melynda,Anstead,34118,2021-07-18,76924
26824,Prof,Odette,Thigpen,34709,2021-07-21,72303
26863,Mx,Steffanie,Meinen,23531,2021-07-22,56813
26906,Mr,Antonette,Stimac,8320,2021-07-23,78411
26947,Miss,Thora,Daneker,15601,2021-07-26,80195
26956,Mx,Nada,Massanet,26906,2021-07-28,76418
26969,Mr,Ivette,Dills,4496,2021-07-30,70067
26996,Dr,Devon,Delacerda,4662,2021-08-01,45645
27055,Miss,Lon,Tibbles,34061,2021-08-04,88168
27056,Miss,Tennie,Santanna,12042,2021-08-06,46183
27114,Mr,Fidelia,Vilven,21480,2021-08-09,82034
27126,Mx,Michal,Gunyan,6159,2021-08-11,76417
27148,Miss,Enola,Yandow,27419,2021-08-14,84393
27155,Mr,Meghann,Mamudoski,29726,2021-08-14,48860
27214,Miss,Latanya,Mattia,14224,2021-08-15,77735
27237,Miss,Chandra,Firlik,29726,2021-08-18,59210
27247,Mr,Barney,Dewer,31278,2021-08-21,47513
27283,Mrs,Ocie,Chreene,34822,2021-08-23,54980
27336,Mrs,Precious,Dubray,31857,2021-08-25,73639
27376,Mr,Sanda,Laramie,18845,2021-08-26,75624
27401,Mr,Gaynell,Benavente,20422,2021-08-26,85250
27405,Mrs,Bethanie,Cutsforth,34118,2021-08-28,72867
27415,Mrs,Yvette,Capiga,34822,2021-08-28,45685
27419,Prof,Alana,Blackmon,16207,2021-08-31,76166
27425,Mrs,Lakeesha,Beachel,17815,2021-09-01,86532
27474,Mrs,Ailene,Friedman,26310,2021-09-03,82903
27529,Mrs,Valene,Madson,8341,2021-09-04,51338
27568,Mr,Floyd,Bub,4496,2021-09-05,58062
27570,Mrs,Josue,Hatherly,6878,2021-09-06,75297
27591,Mr,Johnathon,Wadden,25793,2021-09-07,78004
27618,Mr,Kenneth,Drizin,17510,2021-09-07,59047
27642,Miss,Leila,Titzer,32825,2021-09-10,57481
27703,Mr,Marquetta,Quinlisk,21537,2021-09-11,51874
27744,Mrs,Annamae,Beliles,32853,2021-09-11,49609
27803,Mrs,An,Dosal,31731,2021-09-14,71377
27809,Miss,Karina,Cortesi,6045,2021-09-17,78589
27850,Mr,Otis,Luong,28398,2021-09-20,74908
27868,Mr,Brendan,Kasperek,17095,2021-09-20,71541
27926,Mr,Keith,Evartt,11443,2021-09-20,73516
27987,Miss,Paulina,Arand,19883,2021-09-22,83885
28047,Miss,Cherelle,Welschmeyer,3724,2021-09-23,56836
28061,Mr,Percy,Neelon,3688,2021-09-25,45808
28070,Prof,Margot,Storrs,33202,2021-09-25,59805
28131,Mx,Paris,Bellis,4208,2021-09-27,46333
28159,Mr,Sina,Masiejczyk,17510,2021-09-28,57577
28189,Mr,Kimi,Selfe,4560,2021-09-29,54368
28215,Mr,Chun,Richrdson,29246,2021-09-29,86049
28222,Mr,Lelia,Thiemann,32706,2021-09-29,72340
28246,Mrs,Cordell,Zinda,4208,2021-09-29,74729
28258,Miss,Dorothy,Aitken,22516,2021-09-30,49498
28263,Mrs,Chauncey,Mcelreath,34916,2021-09-30,78874
28310,Miss,Tenesha,Stropko,29246,2021-10-02,76247
28329,Mrs,Anjelica,Lovero,30603,2021-10-02,71863
28352,Mrs,Olga,Adessa,26310,2021-10-03,78295
28378,Mr,Monte,Tindal,27056,2021-10-05,45681
28398,Mrs,Pamela,Mccoskey,5780,2021-10-07,50528
28433,Mrs,Toshia,Lippoldt,18553,2021-10-08,85852
28437,Mrs,Polly,Sandusky,19611,2021-10-08,78942
28451,Dr,Judy,Boerboom,34643,2021-10-10,77291
28505,Miss,Celestine,Pritt,7678,2021-10-12,53380
28539,Mr,Murray,Fode,31524,2021-10-14,82841
28592,Miss,Shoshana,Courter,3941,2021-10-14,74620
28645,Mx,Glendora,Pezley,5645,2021-10-15,86899
28656,Miss,Carlene,Kana,26057,2021-10-16,46681
28706,Mrs,Adria,Gilliam,26196,2021-10-16,49821
28725,Mr,Paola,Perkins,15601,2021-10-16,75892
28752,Mr,Elina,Maury,3688,2021-10-17,79706
28800,Miss,Emile,Dorio,3941,2021-10-17,70016
28854,Miss,Zoila,Lannigan,11944,2021-10-19,86380
28856,Mr,Yong,Yestramski,16207,2021-10-21,84977
28918,Mrs,Leontine,Stalma,22179,2021-10-23,82394
28966,Mr,Troy,Dicus,9003,2021-10-25,74238
29025,Miss,Annamaria,Vanhuss,31857,2021-10-27,47192
29044,Mrs,Dorothea,Lowther,16481,2021-10-28,71753
29072,Mrs,Marion,Letran,8456,2021-10-30,85360
29135,Mr,Avery,Masso,11483,2021-10-31,82633
29182,Mr,Trinidad,Bredernitz,28856,2021-11-01,78136
29227,Mx,Herminia,Penso,16360,2021-11-02,47916
29246,Mrs,Val,Bigaud,16207,2021-11-04,70354
29303,Prof,Renay,Oviedo,23188,2021-11-04,84419
29363,Mr,Buck,Kotow,12042,2021-11-04,78214
29419,Mx,Toi,Rollison,12969,2021-11-05,80795
29472,Mr,Shanice,Pennel,17510,2021-11-05,59360
29495,Mr,Oliva,Ramerez,13648,2021-11-07,72008
29554,Mrs,Tamera,Crocker,8895,2021-11-09,56906
29576,Mr,Melvin,Rather,34900,2021-11-09,52513
29612,Mr,Essie,Fitzke,20354,2021-11-10,44519
29634,Mr,Shay,Knieper,20664,2021-11-11,77122
29667,Miss,Ruby,Sensibaugh,6045,2021-11-13,58141
29726,Prof,Caren,Doscher,4593,2021-11-14,44346
29732,Mr,,Amend,10816,2021-11-15,83706
29774,Mr,Lasandra,Frisinger,24684,2021-11-15,82080
29789,Miss,Sommer,Frere,29044,2021-11-15,50897
29816,Mrs,Gretchen,Mckeon,6878,2021-11-16,77159
29858,Miss,Providencia,Marien,4268,2021-11-18,70358
29870,Mr,Lindsey,Arnoldi,29072,2021-11-20,47272
29900,Mrs,Romana,Riesgraf,28800,2021-11-22,54735
29918,Mr,Nobuko,Logwood,23846,2021-11-23,55334
29938,Mrs,Shawnna,Arredondo,9290,2021-11-24,44674
30000,Mr,Doyle,Hathcox,28189,2021-11-24,72388
30038,Mx,Jacinta,Deppen,34916,2021-11-24,71326
30071,Mx,Tawanna,Kuamoo,34900,2021-11-26,51108
30086,Mrs,Christa,Cloutier,27926,2021-11-28,76779
30132,Mrs,Noe,Kotz,6678,2021-11-28,74096
30170,Mrs,Ellen,Fajen,34643,2021-11-28,83647
30209,Mr,Tequila,Pelletier,33202,2021-11-29,44254
30257,Miss,Tawny,Bonventre,24963,2021-11-30,53574
30298,Mr,Rosalyn,Mcspedon,5780,2021-12-02,47640
30362,Mr,Noble,Miyata,25042,2021-12-04,83248
30367,Mrs,Lucille,Hubbell,17711,2021-12-06,47706
30370,Mr,Azzie,Tuazon,29246,2021-12-06,89138
30385,Mx,Darci,Arau,32956,2021-12-06,50547
30412,Mr,King,Suman,16772,2021-12-08,78376
30414,Mrs,Denny,Zeanah,9115,2021-12-09,81187
30466,Mr,Anissa,Frayer,30732,2021-12-10,78388
30511,Mrs,Rosann,Heinricher,10502,2021-12-11,74548
30541,Dr,Jeannine,Rippy,25106,2021-12-13,78581
30603,Mr,Lashaun,Casteneda,11944,2021-12-13,70998
30606,Dr,Miesha,Walen,32661,2021-12-14,85949
30616,Mr,Marva,Kountz,21657,2021-12-16,70663
30651,Mr,Dion,Lamastus,30603,2021-12-17,54981
30712,Mr,Hassie,Sarkin,22880,2021-12-18,46361
30732,Mx,Jin,Perry,6678,2021-12-20,78656
30744,Miss,Demetra,Peth,8229,2021-12-20,80255
30761,Mx,Irene,Benauides,25793,2021-12-21,59725
30820,Mr,Colton,Pesqueira,23663,2021-12-22,73393
30845,Mr,William,Cilento,28800,2021-12-23,73249
30900,Prof,Shannan,Cupit,17766,2021-12-24,71395
30939,Mrs,Shelba,Kast,6970,2021-12-24,79189
30940,Mr,Dorcas,Diebold,25539,2021-12-25,86330
30950,Mr,Rochell,Wetherby,31633,2021-12-26,79704
30974,Mx,Amber,Windell,12354,2021-12-27,78661
30990,Mrs,Stefanie,Prinkey,11483,2021-12-28,78762
31030,Mrs,Kenia,Sharples,10722,2021-12-28,76867
31054,Miss,Jacquline,Libbey,29732,2021-12-29,85715
31103,Mr,Lavina,Michelet,10416,2021-12-31,51467
31139,Mr,Billi,Kazar,15274,2022-01-02,83408
31152,Mr,Aron,Leuthold,5438,2022-01-02,80352
31175,Mr,Annice,Tartar,28398,2022-01-03,75643
31230,Dr,Hyun,Zarazua,10380,2022-01-03,79017
31232,Mr,Shala,Ogle,21537,2022-01-04,85121
31264,Miss,Shasta,Canonico,13878,2022-01-05,78083
31278,Miss,Wenona,Braseth,17207,2022-01-05,53813
31293,Miss,Marla,Gallati,23531,2022-01-05,82956
31332,Mrs,Myra,Palenik,23531,2022-01-05,71619
31338,Mrs,Lawanda,Jacocks,24963,2022-01-06,48687
31391,Mr,Curt,Kohlman,16207,2022-01-06,44470
31422,Miss,Susy,Finstad,27376,2022-01-07,85097
31447,Dr,Kathrine,Kaper,30367,2022-01-07,78959
31453,Mx,Oneida,Pospishil,19863,2022-01-08,76118
31456,Mr,Allene,Perera,16966,2022-01-09,79168
31501,Mr,Leonardo,Leahman,6750,2022-01-09,49462
31524,Dr,Nakisha,Russi,18961,2022-01-10,73871
31534,Mrs,Stephanie,Rolling,34900,2022-01-11,85065
31598,Miss,Florinda,Haycock,27126,2022-01-12,59763
31633,Miss,Merri,Geberth,7963,2022-01-13,70943
31678,Mr,Malcom,Vereen,14540,2022-01-13,86510
31731,Mr,Louvenia,Abney,9110,2022-01-13,77397
31736,Mr,Alita,Borlace,31030,2022-01-13,85061
31740,Miss,Noemi,Ill,17220,2022-01-13,54662
31796,Mr,Nydia,Ancar,31731,2022-01-14,80427
31817,Mrs,Hana,Meisel,30132,2022-01-15,79696
31857,Mr,Noel,Marrazzo,6970,2022-01-16,75209
31889,Mrs,,Rowe,32771,2022-01-17,86940
31940,Dr,Nguyet,Kitchens,21657,2022-01-18,78646
31957,Mr,Janae,Mair,16399,2022-01-18,75757
32013,Mr,Darrel,Makley,25364,2022-01-19,79530
32064,Mrs,Genevieve,Milionis,25106,2022-01-20,71663
32073,Mx,Giovanna,Bacho,21657,2022-01-21,77234
32135,Mr,Shelton,Spannuth,31524,2022-01-21,56817
32176,Mx,Alison,Mahlum,28592,2022-01-21,77185
32190,Mr,Maynard,Zufall,7963,2022-01-21,74247
32238,Mr,Timothy,Bussert,32956,2022-01-21,80348
32289,Mrs,Viola,Eddens,34501,2022-01-21,74062
32308,Miss,Luann,Michon,33628,2022-01-22,75292
32362,Miss,Mable,Goerke,32706,2022-01-22,79753
32423,Mrs,Sabine,Kaea,13090,2022-01-23,76485
32480,Miss,Dolores,Moltz,28398,2022-01-24,79326
32529,Mrs,Hannah,Suero,14224,2022-01-25,70861
32530,Mr,Sonia,Blan,6750,2022-01-25,72328
32531,Mr,Cletus,Stapels,20820,2022-01-26,70646
32592,Miss,Asha,Zoldak,12398,2022-01-27,75233
32610,Dr,Verlene,Billow,31230,2022-01-28,78066
32633,Mr,Yesenia,Giglio,25539,2022-01-28,45787
32661,Mrs,Tayna,Sine,6159,2022-01-29,77946
32666,Mr,Verona,Jobst,10416,2022-01-30,84133
32674,Miss,Denae,Eggers,4208,2022-01-31,80631
32706,Miss,Rikki,Montalgo,12846,2022-02-01,77566
32718,Miss,Nan,Weekly,7678,2022-02-01,80282
32771,Miss,Sherell,Despain,5780,2022-02-01,88390
32779,Prof,Coral,Brennick,30603,2022-02-02,88080
32825,Miss,Phyliss,Huelse,16772,2022-02-03,75530
32832,Mr,Jesse,Wida,12969,2022-02-04,84415
32853,Miss,Latonia,Helander,10416,2022-02-05,54159
32868,Prof,Aimee,Clozza,11978,2022-02-06,86111
32894,Mr,Marcelle,Staie,24963,2022-02-06,59368
32956,Miss,Ilda,Schuring,16207,2022-02-07,52821
32986,Mr,Aileen,Klukken,5645,2022-02-07,83510
33043,Miss,Davida,Zeng,12042,2022-02-07,72087
33066,Prof,Beata,Rubarts,19874,2022-02-08,85281
33076,Mr,Angelyn,Wieand,9115,2022-02-08,77263
33132,Mr,Claudio,Hummell,9443,2022-02-08,49124
33176,Mr,Krystal,Twyman,14224,2022-02-09,83347
33196,Mx,Adela,Echegoyen,10380,2022-02-10,70158
33202,Mr,Ryan,Phibbs,9443,2022-02-10,81693
33243,Mr,Edmond,Buettner,29072,2022-02-10,82757
33284,Mr,Catina,Emmert,23359,2022-02-11,59561
33319,Mrs,Milly,Pattengale,16674,2022-02-11,46084
33343,Mr,Jules,Erichsen,13878,2022-02-11,76608
33370,Dr,Denna,,30939,2022-02-11,74472
33388,Mr,Willetta,Cesa,15008,2022-02-11,55951
33443,Mr,Johna,Magathan,23127,2022-02-12,72018
33459,Mr,Ollie,Oliverson,6545,2022-02-12,78337
33473,Dr,Sherly,Vitrano,20126,2022-02-13,77613
33474,Mr,Kindra,Dishong,3688,2022-02-14,75409
33526,Mr,Vanda,Tentler,19831,2022-02-15,71164
33527,Mr,Marshall,Fitgerald,6159,2022-02-16,71250
33568,Mr,Kelvin,Hasha,6235,2022-02-17,87198
33571,Mr,Darrin,Mathiasen,17510,2022-02-18,78933
33576,Mrs,Susana,Mccarley,12828,2022-02-19,58094
33628,Mr,Wilson,Nickelson,7505,2022-02-20,44917
33632,Mrs,Malissa,Talty,32706,2022-02-21,84340
33647,Dr,Tandra,Castillanos,20664,2022-02-22,78253
33703,Mrs,Lorean,Sammon,14910,2022-02-23,55077
33709,Mx,Desirae,Oien,12828,2022-02-23,54232
33729,Mrs,Delsie,Cerao,6861,2022-02-23,46876
33749,Mr,Mabel,Elmquist,5645,2022-02-23,54726
33772,Mr,Marnie,Purslow,32771,2022-02-24,76820
33808,Mrs,Rene,Granier,14910,2022-02-24,73380
33856,Mr,Trevor,Harnist,25271,2022-02-25,57478
33920,Mr,Sharmaine,Batdorf,25209,2022-02-25,79151
33957,Miss,Ricki,Traux,16674,2022-02-26,79324
34017,Miss,Bernadine,Shufelt,32771,2022-02-26,79739
34057,Dr,Shad,Reider,7984,2022-02-27,76109
34061,Mr,Kenneth,Degennaro,16772,2022-02-28,46570
34118,Prof,Marleen,Hennon,14933,2022-02-28,82660
34147,Mr,Joaquin,Geitner,28505,2022-02-28,83726
34194,Miss,Slyvia,Stockham,10816,2022-02-28,78439
34235,Mr,Kris,Bala,27056,2022-03-01,84665
34250,Mr,Gussie,Diflorio,8428,2022-03-01,73491
34258,Dr,,Lillywhite,6750,2022-03-01,53367
34286,Miss,Bev,Dermo,29732,2022-03-01,54419
34313,Mrs,Bette,Digiovanni,28800,2022-03-01,79549
34323,Miss,Lajuana,Mccloud,28505,2022-03-02,73055
34373,Mr,Shakira,Westervelt,20972,2022-03-02,78693
34437,Mr,Matt,Nickolich,11978,2022-03-02,72223
34501,Miss,Clemencia,Momplaisir,6632,2022-03-02,52318
34550,Mr,Oliva,Ambert,34709,2022-03-02,81038
34580,Miss,Ranee,Maye,4496,2022-03-03,71650
34643,Miss,Ming,Eskew,6632,2022-03-03,76414
34648,Mr,Annice,Peckens,8895,2022-03-03,84735
34667,Miss,Effie,Frymark,10455,2022-03-03,79444
34709,Miss,Maricela,Conger,10009,2022-03-03,81003
34716,Mr,Esteban,Plantenberg,30298,2022-03-04,88303
34750,Mrs,Doretha,Wykle,16674,2022-03-05,74313
34767,Mx,Dorsey,Neitzke,22816,2022-03-05,49503
34822,Mrs,Amie,Okuniewski,9560,2022-03-05,70376
34848,Mx,Bulah,Berkoff,30939,2022-03-06,83633
34900,Miss,Erin,Delbosque,17711,2022-03-06,71015
34916,Dr,Kassandra,Marushia,10455,2022-03-07,80286
34974,Mrs,Leslee,Matsuno,32666,2022-03-07,86918
34999,Mr,Daniel,Dobler,9115,2022-03-08,74871
35034,Mr,Antonio,Unruh,26057,2022-03-08,72871
